organization_name,url,type,source_url,confidence_score,extraction_method,description,reason_for_reclassification,rule_triggered,homepage_url,validation_score
Shanghai Jiao Tong University,http://en.sjtu.edu.cn/,university,https://startupuniversal.com/country/china/,2.4,link_analysis,Shanghai Jiao Tong University(Shanghai):A leading research university focused on the sciences. EditShanghai Jiao Tong University(Shanghai):A leading research university focused on the sciences.,Contains 2 non-organization indicators,homepage_validation_failed,http://en.sjtu.edu.cn/,0.1
Peking University,http://english.pku.edu.cn/,university,https://startupuniversal.com/country/china/,2.1999999999999997,link_analysis,Peking University(Beijing) EditPeking University(Beijing),Contains 2 non-organization indicators,homepage_validation_failed,http://english.pku.edu.cn/,0.1
List of Inclusive Policies to Support College Graduates’ Entrepreneurship and Employment,https://www.gov.cn/zhengce/zhengceku/2022-02/11/5673073/files/cfea65154e2542b09c9b906203718521.pdf,university,https://www.china-briefing.com/news/china-startup-landscape-industries-investment-and-incentive-policies/,2.1999999999999997,link_analysis,"Meanwhile, in early 2022, the National Development and Reform Commission (NDRC), along with the Ministry of Education (MOE) and other government agencies, issued anoticeon promoting the employment and entrepreneurship of graduate students, which included aList of Inclusive Policies to Support College Graduates’ Entrepreneurship and Employment. The list contains a range of preferential policies for graduate students to start their own businesses.","Score: 0.0, indicators for university: 0, bonus: 0",homepage_validation_failed,https://www.gov.cn/,0.0
After School,https://www.smartshanghai.com/listings/education/after-school/,university,https://www.smartshanghai.com/listings/business/accelerator/,1.6,list_extraction,,Contains 2 non-organization indicators,homepage_validation_failed,https://www.smartshanghai.com/,0.1
Mainichi Mirai Souzou Lab,https://mirailab.tech/,research_center,https://www.xyzlab.com/post/startup-accelerators-incubators-in-japan,1.6,link_analysis,Mainichi Mirai Souzou Lab Mainichi Mirai Souzou Lab,Contains 2 non-organization indicators,homepage_validation_failed,https://mirailab.tech/,0.1
Open Network Lab (Onlab),https://onlab.jp/,research_center,https://www.xyzlab.com/post/startup-accelerators-incubators-in-japan,1.6,link_analysis,Open Network Lab (Onlab) Open Network Lab (Onlab),Contains 2 non-organization indicators,homepage_validation_failed,https://onlab.jp/,0.1
Primary Schools,https://www.smartshanghai.com/listings/education/primary-schools/,organization,https://www.smartshanghai.com/listings/business/accelerator/,1.4,list_extraction,,Contains 2 non-organization indicators,homepage_validation_failed,https://www.smartshanghai.com/,0.1
Secondary Schools,https://www.smartshanghai.com/listings/education/secondary-schools/,organization,https://www.smartshanghai.com/listings/business/accelerator/,1.4,list_extraction,,Contains 2 non-organization indicators,homepage_validation_failed,https://www.smartshanghai.com/,0.1
Academy,https://academy.globig.co/,university,https://globig.co/top-accelerators-and-incubators-in-china/,1.3,link_analysis,Academy AgencyAcademyResource HubBlog,"Score: 1.0, indicators for company: 1, bonus: 0",homepage_validation_failed,https://academy.globig.co/,0.2
National New Products Program,http://chinanp.gov.cn/,organization,https://startupuniversal.com/country/china/,1.1,link_analysis,National New Products Program:A government-policy-supported program put forward by the Ministry of Science and Technology to guide and encourage enterprises and research institutes to accelerate technical progress for science and engineering products.(Source: National New Products Program) EditNational New Products Program:A government-policy-supported program put forward by the Ministry of Science and Technology to guide and encourage enterprises and research institutes to accelerate technical progress for science and engineering products.(Source: National New Products Program),"Failed to access homepage: HTTPConnectionPool(host='chinanp.gov.cn', port=80): Max retries exceeded with url: / (Caused by NameResolutionError(""<urllib3.connection.HTTPConnection object at 0x127ad48c0>: Failed to resolve 'chinanp.gov.cn' ([Errno 8] nodename nor servname provided, or not known)""))",homepage_validation_failed,http://chinanp.gov.cn/,0.0
Pet Sitting,https://www.smartshanghai.com/listings/services/pet-sitting/,organization,https://www.smartshanghai.com/listings/business/accelerator/,0.8999999999999999,list_extraction,,Contains 2 non-organization indicators,homepage_validation_failed,https://www.smartshanghai.com/,0.1
Dance Studios,https://www.smartshanghai.com/listings/sportrecreation/dance_studios/,organization,https://www.smartshanghai.com/listings/business/accelerator/,0.8999999999999999,list_extraction,,Contains 2 non-organization indicators,homepage_validation_failed,https://www.smartshanghai.com/,0.1
Martial Arts,https://www.smartshanghai.com/listings/sportrecreation/martial_arts/,organization,https://www.smartshanghai.com/listings/business/accelerator/,0.8999999999999999,list_extraction,,Contains 2 non-organization indicators,homepage_validation_failed,https://www.smartshanghai.com/,0.1
Kid's Sports,https://www.smartshanghai.com/listings/kids-and-family/kids-sports-activities/,organization,https://www.smartshanghai.com/listings/business/accelerator/,0.8999999999999999,list_extraction,,Contains 2 non-organization indicators,homepage_validation_failed,https://www.smartshanghai.com/,0.1
Setup Alipay,https://www.smartshanghai.com/articles/smsh/yes-foreigners-can-use-alipay-this-is-how,organization,https://www.smartshanghai.com/listings/business/accelerator/,0.8999999999999999,list_extraction,,Contains 2 non-organization indicators,homepage_validation_failed,https://www.smartshanghai.com/,0.1
Outdoor Activities,https://www.smartshanghai.com/listings/kids-and-family/collection-kids-summer-activities/,organization,https://www.smartshanghai.com/listings/business/accelerator/,0.8999999999999999,list_extraction,,Contains 2 non-organization indicators,homepage_validation_failed,https://www.smartshanghai.com/,0.1
Hair Salons,https://www.smartshanghai.com/listings/beauty/hair_salon/,organization,https://www.smartshanghai.com/listings/business/accelerator/,0.8999999999999999,list_extraction,,Contains 2 non-organization indicators,homepage_validation_failed,https://www.smartshanghai.com/,0.1
Hospitals & Clinics,https://www.smartshanghai.com/listings/health-wellbeing/hospitals/,organization,https://www.smartshanghai.com/listings/business/accelerator/,0.8999999999999999,list_extraction,,Contains 2 non-organization indicators,homepage_validation_failed,https://www.smartshanghai.com/,0.1
Wine Bars,https://www.smartshanghai.com/listings/nightlife/winebar/,organization,https://www.smartshanghai.com/listings/business/accelerator/,0.8999999999999999,list_extraction,,Contains 2 non-organization indicators,homepage_validation_failed,https://www.smartshanghai.com/,0.1
Failory's Twitter,https://twitter.com/hellofailory,organization,https://www.failory.com/startups/shenzhen,0.8999999999999999,link_analysis,ConnectFailory's TwitterPersonal TwitterEmail ConnectFailory's TwitterPersonal TwitterEmail,"Score: 1.0, indicators for research_center: 1, bonus: 0",homepage_validation_failed,https://twitter.com/,0.2
Arrival Tools,https://www.smartshanghai.com/articles/travel-and-sightseeing/all-the-qr-codes-you-need-to-arrive-and-register-in-shanghai,organization,https://www.smartshanghai.com/listings/business/accelerator/,0.8999999999999999,list_extraction,,Contains 2 non-organization indicators,homepage_validation_failed,https://www.smartshanghai.com/,0.1
Avoid Scams,https://www.smartshanghai.com/articles/smsh/avoiding-scams-in-shanghai,organization,https://www.smartshanghai.com/listings/business/accelerator/,0.8999999999999999,list_extraction,,Contains 2 non-organization indicators,homepage_validation_failed,https://www.smartshanghai.com/,0.1
Travel Visa Free,https://www.smartshanghai.com/articles/shanghai-life/the-faq-china-visa-on-arrivals-need-to-know,organization,https://www.smartshanghai.com/listings/business/accelerator/,0.8999999999999999,list_extraction,,Contains 2 non-organization indicators,homepage_validation_failed,https://www.smartshanghai.com/,0.1
Courier Something,https://www.smartshanghai.com/articles/tech/how-to-courier-something-in-shanghai,organization,https://www.smartshanghai.com/listings/business/accelerator/,0.8999999999999999,list_extraction,,Contains 2 non-organization indicators,homepage_validation_failed,https://www.smartshanghai.com/,0.1
Aoyama Startup Acceleration Center,https://acceleration.tokyo.jp/,organization,https://www.xyzlab.com/post/startup-accelerators-incubators-in-japan,0.8999999999999999,link_analysis,Aoyama Startup Acceleration Center Aoyama Startup Acceleration Center,"Score: 0.0, indicators for university: 0, bonus: 0",homepage_validation_failed,https://acceleration.tokyo.jp/,0.0
Buy & Sell classifieds,https://www.smartshanghai.com/buyandsell/,organization,https://www.smartshanghai.com/listings/business/accelerator/,0.8999999999999999,list_extraction,,Contains 2 non-organization indicators,homepage_validation_failed,https://www.smartshanghai.com/,0.1
List An Event,https://www.smartshanghai.com/events/add,organization,https://www.smartshanghai.com/listings/business/accelerator/,0.8999999999999999,list_extraction,,Contains 2 non-organization indicators,homepage_validation_failed,https://www.smartshanghai.com/,0.1
PwC Accelerator,https://www.smartshanghai.com/venue/16403/pwc_accelerator,organization,https://www.smartshanghai.com/listings/business/accelerator/,0.8999999999999999,list_extraction,,Contains 2 non-organization indicators,homepage_validation_failed,https://www.smartshanghai.com/,0.1
Asian Association of Business Incubation,https://www.smartshanghai.com/venue/16397/asian_association_of_business_incubation,organization,https://www.smartshanghai.com/listings/business/accelerator/,0.8999999999999999,list_extraction,,Contains 2 non-organization indicators,homepage_validation_failed,https://www.smartshanghai.com/,0.1
Start Alliance,https://www.smartshanghai.com/venue/17818/start_alliance,organization,https://www.smartshanghai.com/listings/business/accelerator/,0.8999999999999999,list_extraction,,Contains 2 non-organization indicators,homepage_validation_failed,https://www.smartshanghai.com/,0.1
Buy & Sell,https://www.smartshanghai.com/userarea/buyandsell/,organization,https://www.smartshanghai.com/listings/business/accelerator/,0.8999999999999999,list_extraction,,Contains 2 non-organization indicators,homepage_validation_failed,https://www.smartshanghai.com/,0.1
Download our App,https://www.smartshanghai.com/apps/,organization,https://www.smartshanghai.com/listings/business/accelerator/,0.8999999999999999,list_extraction,,Contains 2 non-organization indicators,homepage_validation_failed,https://www.smartshanghai.com/,0.1
Gift Shop,https://www.smartshanghai.com/smash/,organization,https://www.smartshanghai.com/listings/business/accelerator/,0.8999999999999999,list_extraction,,Contains 2 non-organization indicators,homepage_validation_failed,https://www.smartshanghai.com/,0.1
Get a Checkup,https://www.smartshanghai.com/articles/health-and-wellbeing/the-big-guide-to-health-check-ups-in-shanghai-where-how-much-and-what-to-expect,organization,https://www.smartshanghai.com/listings/business/accelerator/,0.8999999999999999,list_extraction,,Contains 2 non-organization indicators,homepage_validation_failed,https://www.smartshanghai.com/,0.1
Digital Marketing Services,https://www.hicom-asia.com/social-media/,organization,https://www.hicom-asia.com/start-business-china-incubators-funding-startups/,0.8999999999999999,list_extraction,,Contains 3 non-organization indicators,homepage_validation_failed,https://www.hicom-asia.com/,0.1
Return Stuff on Taobao,https://www.smartshanghai.com/articles/shopping/how-to-make-a-return-on-taobao,organization,https://www.smartshanghai.com/listings/business/accelerator/,0.8999999999999999,list_extraction,,Contains 2 non-organization indicators,homepage_validation_failed,https://www.smartshanghai.com/,0.1
Buy Stuff on Taobao,https://www.smartshanghai.com/articles/shopping/how-to-taobao-the-simple-way,organization,https://www.smartshanghai.com/listings/business/accelerator/,0.8999999999999999,list_extraction,,Contains 2 non-organization indicators,homepage_validation_failed,https://www.smartshanghai.com/,0.1
Failory's Twitter,https://twitter.com/hellofailory,organization,https://www.failory.com/startups/shanghai-accelerators-incubators,0.8999999999999999,link_analysis,ConnectFailory's TwitterPersonal TwitterEmail ConnectFailory's TwitterPersonal TwitterEmail,"Score: 1.0, indicators for research_center: 1, bonus: 0",homepage_validation_failed,https://twitter.com/,0.2
Failory's Twitter,https://twitter.com/hellofailory,organization,https://www.failory.com/startups/china-accelerators-incubators,0.8999999999999999,link_analysis,ConnectFailory's TwitterPersonal TwitterEmail ConnectFailory's TwitterPersonal TwitterEmail,"Score: 1.0, indicators for research_center: 1, bonus: 0",homepage_validation_failed,https://twitter.com/,0.2
Interpreting Services,https://www.hicom-asia.com/multilingual-interpreting-services-in-china/,organization,https://www.hicom-asia.com/start-business-china-incubators-funding-startups/,0.8999999999999999,list_extraction,,Contains 3 non-organization indicators,homepage_validation_failed,https://www.hicom-asia.com/,0.1
Pitch Deck Metrics,https://www.papermark.com/pitch-deck-metrics,organization,https://www.papermark.com/blog/china-startup-accelerator,0.8999999999999999,list_extraction,,Contains 2 non-organization indicators,homepage_validation_failed,https://www.papermark.com/,0.1
Ideals Overview and Features,https://www.papermark.com/blog/what-is-ideals-vdr-overview-features,organization,https://www.papermark.com/blog/china-startup-accelerator,0.8999999999999999,list_extraction,,Contains 2 non-organization indicators,homepage_validation_failed,https://www.papermark.com/,0.1
Virtual Data Room Providers,https://www.papermark.com/virtual-data-room-providers,organization,https://www.papermark.com/blog/china-startup-accelerator,0.8999999999999999,list_extraction,,Contains 2 non-organization indicators,homepage_validation_failed,https://www.papermark.com/,0.1
Investment Banking Data Room,https://www.papermark.com/data-room-investment-banking,organization,https://www.papermark.com/blog/china-startup-accelerator,0.8999999999999999,list_extraction,,Contains 2 non-organization indicators,homepage_validation_failed,https://www.papermark.com/,0.1
Biotech Pharma Data Room,https://www.papermark.com/biotech-pharma-data-room,organization,https://www.papermark.com/blog/china-startup-accelerator,0.8999999999999999,list_extraction,,Contains 2 non-organization indicators,homepage_validation_failed,https://www.papermark.com/,0.1
VC Portfolio Management,https://www.papermark.com/solutions/vc-portfolio-management-software,organization,https://www.papermark.com/blog/china-startup-accelerator,0.8999999999999999,list_extraction,,Contains 2 non-organization indicators,homepage_validation_failed,https://www.papermark.com/,0.1
Legal Data Room,https://www.papermark.com/legal-data-room,organization,https://www.papermark.com/blog/china-startup-accelerator,0.8999999999999999,list_extraction,,Contains 2 non-organization indicators,homepage_validation_failed,https://www.papermark.com/,0.1
M&A Data Room,https://www.papermark.com/ma-data-room,organization,https://www.papermark.com/blog/china-startup-accelerator,0.8999999999999999,list_extraction,,Contains 2 non-organization indicators,homepage_validation_failed,https://www.papermark.com/,0.1
Pitch Deck Examples,https://www.papermark.com/pitch-deck-examples,organization,https://www.papermark.com/blog/china-startup-accelerator,0.8999999999999999,list_extraction,,Contains 2 non-organization indicators,homepage_validation_failed,https://www.papermark.com/,0.1
Translation Services,https://www.hicom-asia.com/translation/,organization,https://www.hicom-asia.com/start-business-china-incubators-funding-startups/,0.8999999999999999,list_extraction,,Contains 3 non-organization indicators,homepage_validation_failed,https://www.hicom-asia.com/,0.1
Investor Database (7k+),https://www.papermark.com/investors,organization,https://www.papermark.com/blog/china-startup-accelerator,0.8999999999999999,list_extraction,,Contains 2 non-organization indicators,homepage_validation_failed,https://www.papermark.com/,0.1
Pitch Deck Sharing,https://www.papermark.com/solutions/pitch-deck-sharing-sofware,organization,https://www.papermark.com/blog/china-startup-accelerator,0.8999999999999999,list_extraction,,Contains 2 non-organization indicators,homepage_validation_failed,https://www.papermark.com/,0.1
Terms of Service,https://www.papermark.com/terms,organization,https://www.papermark.com/blog/china-startup-accelerator,0.8999999999999999,list_extraction,,Contains 2 non-organization indicators,homepage_validation_failed,https://www.papermark.com/,0.1
Page by Page  Analytics,https://www.papermark.com/document-analytics,organization,https://www.papermark.com/blog/china-startup-accelerator,0.8999999999999999,list_extraction,,Contains 2 non-organization indicators,homepage_validation_failed,https://www.papermark.com/,0.1
FindVC GPT,https://chatgpt.com/g/g-G5orSgI31-findvc,organization,https://www.papermark.com/blog/china-startup-accelerator,0.8999999999999999,link_analysis,FindVC GPT Open Source InvestorsInvestor Database (7k+)Data Room Price ComparisonData Room ExamplesStartup Valuation CalculatorBurn Rate CalculatorAI Pitch Deck GeneratorPitch Deck ExamplesPitch Deck MetricsYC Application GPTFindVC GPTOpen Source Friends,"Score: 0.0, indicators for university: 0, bonus: 0",homepage_validation_failed,https://chatgpt.com/,0.0
YC Application GPT,https://chatgpt.com/g/g-LYDRCiZB9-yc-application-gpt,organization,https://www.papermark.com/blog/china-startup-accelerator,0.8999999999999999,link_analysis,YC Application GPT Open Source InvestorsInvestor Database (7k+)Data Room Price ComparisonData Room ExamplesStartup Valuation CalculatorBurn Rate CalculatorAI Pitch Deck GeneratorPitch Deck ExamplesPitch Deck MetricsYC Application GPTFindVC GPTOpen Source Friends,"Score: 0.0, indicators for university: 0, bonus: 0",homepage_validation_failed,https://chatgpt.com/,0.0
Share & Track Your Pitch Deck,https://app.papermark.com/login,organization,https://www.papermark.com/blog/china-startup-accelerator,0.8999999999999999,link_analysis,,"Score: 1.5, indicators for company: 1, bonus: 0.5",homepage_validation_failed,https://app.papermark.com/,0.3
DocSend Alternatives,https://www.papermark.com/docsend-alternatives,organization,https://www.papermark.com/blog/china-startup-accelerator,0.8999999999999999,list_extraction,,Contains 2 non-organization indicators,homepage_validation_failed,https://www.papermark.com/,0.1
Proposify Alternatives,https://www.papermark.com/proposify-alternatives,organization,https://www.papermark.com/blog/china-startup-accelerator,0.8999999999999999,list_extraction,,Contains 2 non-organization indicators,homepage_validation_failed,https://www.papermark.com/,0.1
Virtual Data Room Cost,https://www.papermark.com/blog/virtual-data-room-cost,organization,https://www.papermark.com/blog/china-startup-accelerator,0.8999999999999999,list_extraction,,Contains 2 non-organization indicators,homepage_validation_failed,https://www.papermark.com/,0.1
Password Protect Notion,https://www.papermark.com/blog/password-protect-a-notion-page,organization,https://www.papermark.com/blog/china-startup-accelerator,0.8999999999999999,list_extraction,,Contains 2 non-organization indicators,homepage_validation_failed,https://www.papermark.com/,0.1
"Sunward: Breaking Cultural Barriers, Going Local, and Building Trust for Worldwide Success",https://www.hicom-asia.com/sunward-global-expansion-localization-strategy/,organization,https://www.hicom-asia.com/start-business-china-incubators-funding-startups/,0.8999999999999999,list_extraction,,Contains 3 non-organization indicators,homepage_validation_failed,https://www.hicom-asia.com/,0.1
"Sunward: Breaking Cultural Barriers, Going Local, and Building Trust for Worldwide SuccessJune 23, 2025Read more",https://www.hicom-asia.com/sunward-global-expansion-localization-strategy/,organization,https://www.hicom-asia.com/start-business-china-incubators-funding-startups/,0.8999999999999999,list_extraction,,Contains 3 non-organization indicators,homepage_validation_failed,https://www.hicom-asia.com/,0.1
Design & DTP,https://www.hicom-asia.com/category/design-dtp/,organization,https://www.hicom-asia.com/start-business-china-incubators-funding-startups/,0.8999999999999999,list_extraction,,Contains 3 non-organization indicators,homepage_validation_failed,https://www.hicom-asia.com/,0.1
Entrepreneur visa to China,https://www.hicom-asia.com/start-business-china-incubators-funding-startups/#entrepreneur-visa-to-china,organization,https://www.hicom-asia.com/start-business-china-incubators-funding-startups/,0.8999999999999999,list_extraction,,Contains 3 non-organization indicators,homepage_validation_failed,https://www.hicom-asia.com/,0.1
Antler Japan,https://www.antler.co/location/japan,organization,https://www.xyzlab.com/post/startup-accelerators-incubators-in-japan,0.8999999999999999,link_analysis,Antler Japan Antler Japan,Contains 2 non-organization indicators,homepage_validation_failed,https://www.antler.co/,0.1
DIGITAL MARKETING,https://www.hicom-asia.com/social-media/,organization,https://www.hicom-asia.com/start-business-china-incubators-funding-startups/,0.8999999999999999,list_extraction,,Contains 3 non-organization indicators,homepage_validation_failed,https://www.hicom-asia.com/,0.1
Social Media Copywriting,https://www.hicom-asia.com/copywriting/social-media-copywriting/,organization,https://www.hicom-asia.com/start-business-china-incubators-funding-startups/,0.8999999999999999,list_extraction,,Contains 3 non-organization indicators,homepage_validation_failed,https://www.hicom-asia.com/,0.1
Consecutive Interpreting,https://www.hicom-asia.com/multilingual-interpreting-services-in-china/consecutive-interpreting/,organization,https://www.hicom-asia.com/start-business-china-incubators-funding-startups/,0.8999999999999999,list_extraction,,Contains 3 non-organization indicators,homepage_validation_failed,https://www.hicom-asia.com/,0.1
Software/App Localization,https://www.hicom-asia.com/translation/software-localization/,organization,https://www.hicom-asia.com/start-business-china-incubators-funding-startups/,0.8999999999999999,list_extraction,,Contains 3 non-organization indicators,homepage_validation_failed,https://www.hicom-asia.com/,0.1
Video Game Translation,https://www.hicom-asia.com/translation/video-game-translation/,organization,https://www.hicom-asia.com/start-business-china-incubators-funding-startups/,0.8999999999999999,list_extraction,,Contains 3 non-organization indicators,homepage_validation_failed,https://www.hicom-asia.com/,0.1
White Paper Translation,https://www.hicom-asia.com/translation/ico-white-paper-translation/,organization,https://www.hicom-asia.com/start-business-china-incubators-funding-startups/,0.8999999999999999,list_extraction,,Contains 3 non-organization indicators,homepage_validation_failed,https://www.hicom-asia.com/,0.1
Business & Legal Translation,https://www.hicom-asia.com/translation/contract-translation/,organization,https://www.hicom-asia.com/start-business-china-incubators-funding-startups/,0.8999999999999999,list_extraction,,Contains 3 non-organization indicators,homepage_validation_failed,https://www.hicom-asia.com/,0.1
Send Updatable Pitch Deck,https://www.papermark.com/blog/how-to-send-updatable-pitch-deck,organization,https://www.papermark.com/blog/china-startup-accelerator,0.8999999999999999,list_extraction,,Contains 2 non-organization indicators,homepage_validation_failed,https://www.papermark.com/,0.1
Track Time on Pitch Deck,https://www.papermark.com/blog/how-to-track-activity-on-your-pitch-deck,organization,https://www.papermark.com/blog/china-startup-accelerator,0.8999999999999999,list_extraction,,Contains 2 non-organization indicators,homepage_validation_failed,https://www.papermark.com/,0.1
Send Deck to Investors,https://www.papermark.com/blog/how-to-send-pitch-deck-to-investors,organization,https://www.papermark.com/blog/china-startup-accelerator,0.8999999999999999,list_extraction,,Contains 2 non-organization indicators,homepage_validation_failed,https://www.papermark.com/,0.1
Xiaohongshu Marketing,https://www.hicom-asia.com/xiaohongshu-marketing/,organization,https://www.hicom-asia.com/start-business-china-incubators-funding-startups/,0.8999999999999999,list_extraction,,Contains 3 non-organization indicators,homepage_validation_failed,https://www.hicom-asia.com/,0.1
SAP.iO Foundry Tokyo,https://sap.io/foundry-tokyo/,organization,https://www.xyzlab.com/post/startup-accelerators-incubators-in-japan,0.8999999999999999,link_analysis,SAP.iO Foundry Tokyo SAP.iO Foundry Tokyo,"Failed to access homepage: HTTPSConnectionPool(host='sap.io', port=443): Max retries exceeded with url: / (Caused by NameResolutionError(""<urllib3.connection.HTTPSConnection object at 0x127e35730>: Failed to resolve 'sap.io' ([Errno 8] nodename nor servname provided, or not known)""))",homepage_validation_failed,https://sap.io/,0.0
Scala Partners,https://www.scala-partners.com/,organization,https://www.xyzlab.com/post/startup-accelerators-incubators-in-japan,0.8999999999999999,link_analysis,Scala Partners Scala Partners,"Failed to access homepage: HTTPSConnectionPool(host='www.scala-partners.com', port=443): Max retries exceeded with url: / (Caused by NameResolutionError(""<urllib3.connection.HTTPSConnection object at 0x127e37230>: Failed to resolve 'www.scala-partners.com' ([Errno 8] nodename nor servname provided, or not known)""))",homepage_validation_failed,https://www.scala-partners.com/,0.0
NewCo Shanghai,https://chinaccelerator.com/newco-shanghai/,organization,https://startupuniversal.com/country/china/,0.8999999999999999,link_analysis,"NewCo Shanghai(Shanghai):NewCo is a new kind of event experience: part open studio tour, part business conference, with the vibe of a music festival. Attendees select the companies they want to explore, and see the home offices of those companies firsthand while meeting face-to-face with founders and CEOs.(Source: Chinaccelerator) EditNewCo Shanghai(Shanghai):NewCo is a new kind of event experience: part open studio tour, part business conference, with the vibe of a music festival. Attendees select the companies they want to explore, and see the home offices of those companies firsthand while meeting face-to-face with founders and CEOs.(Source: Chinaccelerator)","Score: 0.0, indicators for university: 0, bonus: 0",homepage_validation_failed,https://chinaccelerator.com/,0.0
MWC Shanghai,https://www.mwcshanghai.com/,organization,https://startupuniversal.com/country/china/,0.8999999999999999,link_analysis,"MWC Shanghai(Shanghai):An annual conference focused on mobile technology. It includes 4YFN Shanghai, an event focusing particularly on startups in the mobile space. EditMWC Shanghai(Shanghai):An annual conference focused on mobile technology. It includes 4YFN Shanghai, an event focusing particularly on startups in the mobile space.","Failed to access homepage: HTTPSConnectionPool(host='www.mwcshanghai.com', port=443): Max retries exceeded with url: / (Caused by SSLError(SSLCertVerificationError(1, '[SSL: CERTIFICATE_VERIFY_FAILED] certificate verify failed: unable to get local issuer certificate (_ssl.c:1000)')))",homepage_validation_failed,https://www.mwcshanghai.com/,0.0
SparkLabs Beijing,http://sparklabsgroup.com/accelerator-beijing.html,organization,https://startupuniversal.com/country/china/,0.8999999999999999,link_analysis,"SparkLabs Beijing(Beijing):A general technology program accepting startups from the internet, internet of things, mobile, ecommerce, digital media, blockchain and other sectors. SparkLabs Beijing is focused on helping local entrepreneurs to eventually expand beyond China.(Source: SparkLabs Beijing) EditSparkLabs Beijing(Beijing):A general technology program accepting startups from the internet, internet of things, mobile, ecommerce, digital media, blockchain and other sectors. SparkLabs Beijing is focused on helping local entrepreneurs to eventually expand beyond China.(Source: SparkLabs Beijing)","Score: 1.0, indicators for university: 0, bonus: 1",homepage_validation_failed,http://sparklabsgroup.com/,0.2
Zhen Fund,http://en.zhenfund.com/,organization,https://startupuniversal.com/country/china/,0.8999999999999999,link_analysis,Zhen Fund(Beijing):Early stage seed fund. EditZhen Fund(Beijing):Early stage seed fund.,"Score: 0.0, indicators for university: 0, bonus: 0",homepage_validation_failed,http://en.zhenfund.com/,0.0
Sequoia Capital China,https://www.sequoiacap.com/china/en/,organization,https://startupuniversal.com/country/china/,0.8999999999999999,link_analysis,"Sequoia Capital China(Beijing, Shanghai):Growth stage fund. EditSequoia Capital China(Beijing, Shanghai):Growth stage fund.","Score: 0.5, indicators for university: 0, bonus: 0.5",homepage_validation_failed,https://www.sequoiacap.com/,0.1
UTM Builder Tool,https://www.xyzlab.com/utm-builder-tool,organization,https://www.xyzlab.com/post/startup-accelerators-incubators-in-japan,0.8999999999999999,list_extraction,,Contains 3 non-organization indicators,homepage_validation_failed,https://www.xyzlab.com/,0.1
Dingdong Maicai,http://www.100.me/,organization,https://startupuniversal.com/country/china/,0.8999999999999999,link_analysis,Dingdong Maicai Dingdong MaicaiE-commerceShanghai,"Score: 0.0, indicators for university: 0, bonus: 0",homepage_validation_failed,http://www.100.me/,0.0
Co-Founders Matching,https://www.xyzlab.com/co-founders-matching,organization,https://www.xyzlab.com/post/startup-accelerators-incubators-in-japan,0.8999999999999999,list_extraction,,Contains 3 non-organization indicators,homepage_validation_failed,https://www.xyzlab.com/,0.1
VCs & Angel Investors,https://www.xyzlab.com/vcs-angel-investors,organization,https://www.xyzlab.com/post/startup-accelerators-incubators-in-japan,0.8999999999999999,list_extraction,,Contains 3 non-organization indicators,homepage_validation_failed,https://www.xyzlab.com/,0.1
Email Marketing Benchmarks,https://www.xyzlab.com/email-marketing-benchmarks,organization,https://www.xyzlab.com/post/startup-accelerators-incubators-in-japan,0.8999999999999999,list_extraction,,Contains 3 non-organization indicators,homepage_validation_failed,https://www.xyzlab.com/,0.1
E-Commerce Benchmarks,https://www.xyzlab.com/ecommerce-benchmarks,organization,https://www.xyzlab.com/post/startup-accelerators-incubators-in-japan,0.8999999999999999,list_extraction,,Contains 3 non-organization indicators,homepage_validation_failed,https://www.xyzlab.com/,0.1
Google Ads Benchmarks,https://www.xyzlab.com/google-ads-benchmarks-worldwide,organization,https://www.xyzlab.com/post/startup-accelerators-incubators-in-japan,0.8999999999999999,list_extraction,,Contains 3 non-organization indicators,homepage_validation_failed,https://www.xyzlab.com/,0.1
Meta Ads Benchmarks,https://www.xyzlab.com/meta-ads-benchmarks-worldwide,organization,https://www.xyzlab.com/post/startup-accelerators-incubators-in-japan,0.8999999999999999,list_extraction,,Contains 3 non-organization indicators,homepage_validation_failed,https://www.xyzlab.com/,0.1
Beijing Entrepreneurs Community,https://www.meetup.com/BeijingEntrepreneursCommunity/events/past/,organization,https://startupuniversal.com/country/china/,0.8999999999999999,link_analysis,Beijing Entrepreneurs Community(Beijing) EditBeijing Entrepreneurs Community(Beijing),"Score: 1.5, indicators for university: 1, bonus: 0.5",homepage_validation_failed,https://www.meetup.com/,0.3
Beijing Entrepreneurs Community Dinner,https://www.meetup.com/BeijingEntrepreneursCommunity/,organization,https://startupuniversal.com/country/china/,0.8999999999999999,link_analysis,Beijing Entrepreneurs Community Dinner(Beijing) EditBeijing Entrepreneurs Community Dinner(Beijing),"Score: 1.5, indicators for university: 1, bonus: 0.5",homepage_validation_failed,https://www.meetup.com/,0.3
Le Wagon Shanghai--Coding Bootcamp,https://www.meetup.com/Le-Wagon-Shanghai-Coding-Bootcamp/,organization,https://startupuniversal.com/country/china/,0.8999999999999999,link_analysis,Le Wagon Shanghai--Coding Bootcamp(Shanghai) EditLe Wagon Shanghai--Coding Bootcamp(Shanghai),"Score: 1.5, indicators for university: 1, bonus: 0.5",homepage_validation_failed,https://www.meetup.com/,0.3
Torch Program,http://www.ctp.gov.cn/,organization,https://startupuniversal.com/country/china/,0.8999999999999999,link_analysis,"Torch Program:The Torch Program from MOST (the Ministry of Science and Technology) kick-started Chinese high-tech innovation and startups. Torch has four major parts: Innovation Clusters, Technology Business Incubators (TBIs), Seed Funding (Innofund) and Venture Guiding Fund.(Source: Torch) EditTorch Program:The Torch Program from MOST (the Ministry of Science and Technology) kick-started Chinese high-tech innovation and startups. Torch has four major parts: Innovation Clusters, Technology Business Incubators (TBIs), Seed Funding (Innofund) and Venture Guiding Fund.(Source: Torch)","Score: 0.0, indicators for university: 0, bonus: 0",homepage_validation_failed,http://www.ctp.gov.cn/,0.0
Tech Publications,https://startupuniversal.com/country/china/#tab-tech_publications,organization,https://startupuniversal.com/country/china/,0.8999999999999999,list_extraction,,Contains 3 non-organization indicators,homepage_validation_failed,https://startupuniversal.com/,0.1
Non-Government Organizations,https://startupuniversal.com/country/china/#tab-non_government_organ,organization,https://startupuniversal.com/country/china/,0.8999999999999999,list_extraction,,Contains 3 non-organization indicators,homepage_validation_failed,https://startupuniversal.com/,0.1
Coworking Spaces/Hubs,https://startupuniversal.com/country/china/#tab-coworking_spaces,organization,https://startupuniversal.com/country/china/,0.8999999999999999,list_extraction,,Contains 3 non-organization indicators,homepage_validation_failed,https://startupuniversal.com/,0.1
Startups Raising Capital,https://startupuniversal.com/country/china/#tab-startups_raising_cap,organization,https://startupuniversal.com/country/china/,0.8999999999999999,list_extraction,,Contains 3 non-organization indicators,homepage_validation_failed,https://startupuniversal.com/,0.1
Global Newsfeed,https://startupuniversal.com/news/,organization,https://startupuniversal.com/country/china/,0.8999999999999999,list_extraction,,Contains 3 non-organization indicators,homepage_validation_failed,https://startupuniversal.com/,0.1
Xiaomi’s newly-launched YU7 reportedly being swiped by scalpers,https://technode.com/2025/06/30/xiaomis-newly-launched-yu7-reportedly-being-swiped-by-scalpers/,organization,https://startupuniversal.com/country/china/,0.8999999999999999,link_analysis,"Xiaomi’s newly-launched YU7 reportedly being swiped by scalpers TechnodeXiaomi’s newly-launched YU7 reportedly being swiped by scalpersScalpers are swiftly capitalizing on the high demand for Xiaomi’s newly-launched YU7 crossover in China, listing early reservations at exorbitant prices immediately after sales[…]June 30th, 2025China,Consumer,Platform,Sports",Contains 2 non-organization indicators,homepage_validation_failed,https://technode.com/,0.1
TikTok Shop launches e-commerce platform in Japan,https://technode.com/2025/06/30/tiktok-shop-launches-e-commerce-platform-in-japan/,organization,https://startupuniversal.com/country/china/,0.8999999999999999,link_analysis,"TikTok Shop launches e-commerce platform in Japan TechnodeTikTok Shop launches e-commerce platform in JapanTikTok on Monday rolled out its e-commerce service in Japan, adding shopping features directly into its short video app. The new TikTok Shop allows users[…]June 30th, 2025China,Business,Platform",Contains 2 non-organization indicators,homepage_validation_failed,https://technode.com/,0.1
Huawei unveils multi-agent architecture to advance intelligent wireless networks at MWC Shanghai,https://technode.com/2025/06/30/huawei-unveils-multi-agent-architecture-to-advance-intelligent-wireless-networks-at-mwc-shanghai/,organization,https://startupuniversal.com/country/china/,0.8999999999999999,link_analysis,"Huawei unveils multi-agent architecture to advance intelligent wireless networks at MWC Shanghai TechnodeHuawei unveils multi-agent architecture to advance intelligent wireless networks at MWC ShanghaiHuawei outlined new developments in wireless network automation at a media roundtable during MWC Shanghai 2025, highlighting its push toward higher-level autonomous networks. Eric Zhao,[…]June 30th, 2025China,Automation,Business,Energy,Management…,Platform",Contains 2 non-organization indicators,homepage_validation_failed,https://technode.com/,0.1
"Ant Group’s R&D spending hits record high, expands AI and payment services",https://technode.com/2025/07/01/ant-groups-rd-spending-hits-record-high-expands-ai-and-payment-services/,organization,https://startupuniversal.com/country/china/,0.8999999999999999,link_analysis,"Ant Group’s R&D spending hits record high, expands AI and payment services TechnodeAnt Group’s R&D spending hits record high, expands AI and payment servicesAlipay owner Ant Group has appointed current chief financial officer Han Xinyi as its new president. Credit: Ant Group Ant Group spent RMB 23.45[…]June 30th, 2025China,Consumer,Cross-Border,Payments,Platform",Contains 2 non-organization indicators,homepage_validation_failed,https://technode.com/,0.1
"Korea Wealth Fund to Boost Bets on AI Startups, Eyes China Tech",https://www.bloomberg.com/news/articles/2025-07-01/korea-wealth-fund-to-boost-bets-on-ai-startups-eyes-china-tech,organization,https://startupuniversal.com/country/china/,0.8999999999999999,link_analysis,"Korea Wealth Fund to Boost Bets on AI Startups, Eyes China Tech BloombergKorea Wealth Fund to Boost Bets on AI Startups, Eyes China TechJuly 1st, 2025China,Startups","Score: 1.0, indicators for company: 1, bonus: 0",homepage_validation_failed,https://www.bloomberg.com/,0.2
US Web3 firm OpenLedger unveils $25m AI incubator in China,https://www.techinasia.com/news/web3-firm-openledger-unveils-25m-ai-incubator-china,organization,https://startupuniversal.com/country/china/,0.8999999999999999,link_analysis,"US Web3 firm OpenLedger unveils $25m AI incubator in China Tech in AsiaUS Web3 firm OpenLedger unveils $25m AI incubator in ChinaJuly 1st, 2025China","Score: 0.0, indicators for university: 0, bonus: 0",homepage_validation_failed,https://www.techinasia.com/,0.0
"Xiaomi EV delivers 25,000 units in June",https://www.techinasia.com/news/xiaomi-ev-delivers-25000-units-june,organization,https://startupuniversal.com/country/china/,0.8999999999999999,link_analysis,"Xiaomi EV delivers 25,000 units in June Tech in AsiaXiaomi EV delivers 25,000 units in JuneJuly 1st, 2025China","Score: 0.0, indicators for university: 0, bonus: 0",homepage_validation_failed,https://www.techinasia.com/,0.0
Lexus breaks ground on new EV plant in Shanghai,https://www.techinasia.com/news/lexus-breaks-ground-ev-plant-shanghai,organization,https://startupuniversal.com/country/china/,0.8999999999999999,link_analysis,"Lexus breaks ground on new EV plant in Shanghai Tech in AsiaLexus breaks ground on new EV plant in ShanghaiJuly 1st, 2025China","Score: 0.0, indicators for university: 0, bonus: 0",homepage_validation_failed,https://www.techinasia.com/,0.0
Chinese Corporate Investment in Southeast Asian Startups Infographic,https://www.caixinglobal.com/2019-11-18/in-depth-southeast-asia-becomes-regions-next-tech-battleground-101484295.html,organization,https://startupuniversal.com/country/china/,0.8999999999999999,link_analysis,Chinese Corporate Investment in Southeast Asian Startups Infographic(Source: Caixin) EditChinese Corporate Investment in Southeast Asian Startups Infographic(Source: Caixin),"Score: 1.0, indicators for company: 1, bonus: 0",homepage_validation_failed,https://www.caixinglobal.com/,0.2
Startup Genome Shanghai Ecosystem Overview,https://startupgenome.com/ecosystems/shanghai,organization,https://startupuniversal.com/country/china/,0.8999999999999999,link_analysis,Startup Genome Shanghai Ecosystem Overview EditStartup Genome Shanghai Ecosystem Overview,"Score: 1.0, indicators for company: 1, bonus: 0",homepage_validation_failed,https://startupgenome.com/,0.2
Invoice Generator,https://www.xyzlab.com/invoice-generator,organization,https://www.xyzlab.com/post/startup-accelerators-incubators-in-japan,0.8999999999999999,list_extraction,,Contains 3 non-organization indicators,homepage_validation_failed,https://www.xyzlab.com/,0.1
Spotify Ads Specs,https://www.xyzlab.com/spotify-ads-specs,organization,https://www.xyzlab.com/post/startup-accelerators-incubators-in-japan,0.8999999999999999,list_extraction,,Contains 3 non-organization indicators,homepage_validation_failed,https://www.xyzlab.com/,0.1
Scrum Studio,https://scrum.vc/studio/,organization,https://www.xyzlab.com/post/startup-accelerators-incubators-in-japan,0.8999999999999999,link_analysis,Scrum Studio Scrum Studio,"Score: 1.0, indicators for company: 1, bonus: 0",homepage_validation_failed,https://scrum.vc/,0.2
Create AI Workflows and Agents,https://www.xyzlab.com/ai-workflows-agents-course,organization,https://www.xyzlab.com/post/startup-accelerators-incubators-in-japan,0.8999999999999999,list_extraction,,Contains 3 non-organization indicators,homepage_validation_failed,https://www.xyzlab.com/,0.1
Meta Ads Report Template,https://www.xyzlab.com/meta-ads-report-template,organization,https://www.xyzlab.com/post/startup-accelerators-incubators-in-japan,0.8999999999999999,list_extraction,,Contains 3 non-organization indicators,homepage_validation_failed,https://www.xyzlab.com/,0.1
Google Ads Editor Bulk Upload Template,https://www.xyzlab.com/google-ads-editor-bulk-upload-template,organization,https://www.xyzlab.com/post/startup-accelerators-incubators-in-japan,0.8999999999999999,list_extraction,,Contains 3 non-organization indicators,homepage_validation_failed,https://www.xyzlab.com/,0.1
Google Ads Report Template,https://www.xyzlab.com/google-ads-report-template,organization,https://www.xyzlab.com/post/startup-accelerators-incubators-in-japan,0.8999999999999999,list_extraction,,Contains 3 non-organization indicators,homepage_validation_failed,https://www.xyzlab.com/,0.1
Google Ads Editor Crash Course,https://www.xyzlab.com/google-ads-editor-course,organization,https://www.xyzlab.com/post/startup-accelerators-incubators-in-japan,0.8999999999999999,list_extraction,,Contains 3 non-organization indicators,homepage_validation_failed,https://www.xyzlab.com/,0.1
Data Storytelling with AI,https://www.xyzlab.com/data-storytelling-course,organization,https://www.xyzlab.com/post/startup-accelerators-incubators-in-japan,0.8999999999999999,list_extraction,,Contains 3 non-organization indicators,homepage_validation_failed,https://www.xyzlab.com/,0.1
Looker Studio Data Visualisation,https://www.xyzlab.com/looker-studio-training-course,organization,https://www.xyzlab.com/post/startup-accelerators-incubators-in-japan,0.8999999999999999,list_extraction,,Contains 3 non-organization indicators,homepage_validation_failed,https://www.xyzlab.com/,0.1
Google Analytics & Tag Manager,https://www.xyzlab.com/google-analytics-tag-manager-course,organization,https://www.xyzlab.com/post/startup-accelerators-incubators-in-japan,0.8999999999999999,list_extraction,,Contains 3 non-organization indicators,homepage_validation_failed,https://www.xyzlab.com/,0.1
AI Prompting for Digital Marketers,https://www.xyzlab.com/ai-digital-marketing-course,organization,https://www.xyzlab.com/post/startup-accelerators-incubators-in-japan,0.8999999999999999,list_extraction,,Contains 3 non-organization indicators,homepage_validation_failed,https://www.xyzlab.com/,0.1
Taboola Ads Specs,https://www.xyzlab.com/taboola-ads-specs,organization,https://www.xyzlab.com/post/startup-accelerators-incubators-in-japan,0.8999999999999999,list_extraction,,Contains 3 non-organization indicators,homepage_validation_failed,https://www.xyzlab.com/,0.1
Google Ads Campaign Optimisation,https://www.xyzlab.com/google-ads-campaign-optimisation-course,organization,https://www.xyzlab.com/post/startup-accelerators-incubators-in-japan,0.8999999999999999,list_extraction,,Contains 3 non-organization indicators,homepage_validation_failed,https://www.xyzlab.com/,0.1
Tokyu Alliance Platform,https://tokyu-ap.com/,organization,https://www.xyzlab.com/post/startup-accelerators-incubators-in-japan,0.8999999999999999,link_analysis,Tokyu Alliance Platform Tokyu Alliance Platform,"Score: 0.0, indicators for university: 0, bonus: 0",homepage_validation_failed,https://tokyu-ap.com/,0.0
ANEW Holdings,https://www.anew.holdings/,organization,https://www.xyzlab.com/post/startup-accelerators-incubators-in-japan,0.8999999999999999,link_analysis,ANEW Holdings ANEW Holdings,"Failed to access homepage: HTTPSConnectionPool(host='www.anew.holdings', port=443): Max retries exceeded with url: / (Caused by NameResolutionError(""<urllib3.connection.HTTPSConnection object at 0x127c961e0>: Failed to resolve 'www.anew.holdings' ([Errno 8] nodename nor servname provided, or not known)""))",homepage_validation_failed,https://www.anew.holdings/,0.0
NTT DoCoMo Ventures,https://www.nttdocomo-v.com/,organization,https://www.xyzlab.com/post/startup-accelerators-incubators-in-japan,0.8999999999999999,link_analysis,NTT DoCoMo Ventures NTT DoCoMo Ventures,Contains 2 non-organization indicators,homepage_validation_failed,https://www.nttdocomo-v.com/,0.1
Legal & Regulatory,https://www.china-briefing.com/news/category/legal-regulatory,organization,https://www.china-briefing.com/news/china-startup-landscape-industries-investment-and-incentive-policies/,0.8999999999999999,list_extraction,,"Score: 1.0, indicators for company: 1, bonus: 0",homepage_validation_failed,https://www.china-briefing.com/,0.2
Google for Startups - Campus Tokyo,https://www.campus.co/tokyo/,organization,https://www.xyzlab.com/post/startup-accelerators-incubators-in-japan,0.8999999999999999,link_analysis,Google for Startups - Campus Tokyo Google for Startups - Campus Tokyo,"Score: 1.0, indicators for company: 1, bonus: 0",homepage_validation_failed,https://www.campus.co/,0.2
TikTok Ads Report Template,https://www.xyzlab.com/tiktok-ads-report-template,organization,https://www.xyzlab.com/post/startup-accelerators-incubators-in-japan,0.8999999999999999,list_extraction,,Contains 3 non-organization indicators,homepage_validation_failed,https://www.xyzlab.com/,0.1
Social Media Followers Tracking Report,https://www.xyzlab.com/social-media-followers-tracking-report-template,organization,https://www.xyzlab.com/post/startup-accelerators-incubators-in-japan,0.8999999999999999,list_extraction,,Contains 3 non-organization indicators,homepage_validation_failed,https://www.xyzlab.com/,0.1
E-Commerce Report Template,https://www.xyzlab.com/ecommerce-report-template,organization,https://www.xyzlab.com/post/startup-accelerators-incubators-in-japan,0.8999999999999999,list_extraction,,Contains 3 non-organization indicators,homepage_validation_failed,https://www.xyzlab.com/,0.1
Google Analytics Report Template,https://www.xyzlab.com/google-analytics-report-template,organization,https://www.xyzlab.com/post/startup-accelerators-incubators-in-japan,0.8999999999999999,list_extraction,,Contains 3 non-organization indicators,homepage_validation_failed,https://www.xyzlab.com/,0.1
Telegram Ads Specs,https://www.xyzlab.com/telegram-ads-specs,organization,https://www.xyzlab.com/post/startup-accelerators-incubators-in-japan,0.8999999999999999,list_extraction,,Contains 3 non-organization indicators,homepage_validation_failed,https://www.xyzlab.com/,0.1
Reddit Ads Specs,https://www.xyzlab.com/reddit-ads-specs,organization,https://www.xyzlab.com/post/startup-accelerators-incubators-in-japan,0.8999999999999999,list_extraction,,Contains 3 non-organization indicators,homepage_validation_failed,https://www.xyzlab.com/,0.1
LinkedIn Ads Specs,https://www.xyzlab.com/linkedin-ads-specs,organization,https://www.xyzlab.com/post/startup-accelerators-incubators-in-japan,0.8999999999999999,list_extraction,,Contains 3 non-organization indicators,homepage_validation_failed,https://www.xyzlab.com/,0.1
TikTok Ads Specs,https://www.xyzlab.com/tiktok-ads-specs,organization,https://www.xyzlab.com/post/startup-accelerators-incubators-in-japan,0.8999999999999999,list_extraction,,Contains 3 non-organization indicators,homepage_validation_failed,https://www.xyzlab.com/,0.1
Meta Ads Specs,https://www.xyzlab.com/meta-ads-specs,organization,https://www.xyzlab.com/post/startup-accelerators-incubators-in-japan,0.8999999999999999,list_extraction,,Contains 3 non-organization indicators,homepage_validation_failed,https://www.xyzlab.com/,0.1
Google Display Ads Specs,https://www.xyzlab.com/google-display-ads-specs,organization,https://www.xyzlab.com/post/startup-accelerators-incubators-in-japan,0.8999999999999999,list_extraction,,Contains 3 non-organization indicators,homepage_validation_failed,https://www.xyzlab.com/,0.1
Google Responsive Search Ads Specs,https://www.xyzlab.com/google-search-ads-specs,organization,https://www.xyzlab.com/post/startup-accelerators-incubators-in-japan,0.8999999999999999,list_extraction,,Contains 3 non-organization indicators,homepage_validation_failed,https://www.xyzlab.com/,0.1
PMax Specs,https://www.xyzlab.com/performance-max-specs,organization,https://www.xyzlab.com/post/startup-accelerators-incubators-in-japan,0.8999999999999999,list_extraction,,Contains 3 non-organization indicators,homepage_validation_failed,https://www.xyzlab.com/,0.1
YouTube Video Optimisation Checklist,https://www.xyzlab.com/youtube-video-optimisation-checklist,organization,https://www.xyzlab.com/post/startup-accelerators-incubators-in-japan,0.8999999999999999,list_extraction,,Contains 3 non-organization indicators,homepage_validation_failed,https://www.xyzlab.com/,0.1
Google Analytics Checklist,https://www.xyzlab.com/google-analytics-checklist,organization,https://www.xyzlab.com/post/startup-accelerators-incubators-in-japan,0.8999999999999999,list_extraction,,Contains 3 non-organization indicators,homepage_validation_failed,https://www.xyzlab.com/,0.1
Meta Ads Checklist,https://www.xyzlab.com/meta-ads-checklist,organization,https://www.xyzlab.com/post/startup-accelerators-incubators-in-japan,0.8999999999999999,list_extraction,,Contains 3 non-organization indicators,homepage_validation_failed,https://www.xyzlab.com/,0.1
Google Ads Checklist,https://www.xyzlab.com/google-ads-checklist,organization,https://www.xyzlab.com/post/startup-accelerators-incubators-in-japan,0.8999999999999999,list_extraction,,Contains 3 non-organization indicators,homepage_validation_failed,https://www.xyzlab.com/,0.1
SEO Looker Studio Report Template,https://www.xyzlab.com/seo-looker-studio-report-template,organization,https://www.xyzlab.com/post/startup-accelerators-incubators-in-japan,0.8999999999999999,list_extraction,,Contains 3 non-organization indicators,homepage_validation_failed,https://www.xyzlab.com/,0.1
Google Analytics Looker Studio Report Template,https://www.xyzlab.com/google-analytics-looker-studio-report-template,organization,https://www.xyzlab.com/post/startup-accelerators-incubators-in-japan,0.8999999999999999,list_extraction,,Contains 3 non-organization indicators,homepage_validation_failed,https://www.xyzlab.com/,0.1
Email Marketing Report Template,https://www.xyzlab.com/email-marketing-report-template,organization,https://www.xyzlab.com/post/startup-accelerators-incubators-in-japan,0.8999999999999999,list_extraction,,Contains 3 non-organization indicators,homepage_validation_failed,https://www.xyzlab.com/,0.1
Produzione elettronica in Cina: analisi delle prestazioni 2024 e prospettive per il 2025,https://www.china-briefing.com/news/produzione-elettronica-in-cina-analisi-delle-prestazioni-2024-e-prospettive-per-il-2025/,organization,https://www.china-briefing.com/news/china-startup-landscape-industries-investment-and-incentive-policies/,0.8999999999999999,list_extraction,,"Score: 1.0, indicators for company: 1, bonus: 0",homepage_validation_failed,https://www.china-briefing.com/,0.2
Fundraising Data Room,https://www.papermark.com/fundraising-data-room,organization,https://www.papermark.com/blog/china-startup-accelerator,0.8999999999999999,list_extraction,,Contains 2 non-organization indicators,homepage_validation_failed,https://www.papermark.com/,0.1
Tax & Accounting,https://www.china-briefing.com/news/category/tax-accounting,organization,https://www.china-briefing.com/news/china-startup-landscape-industries-investment-and-incentive-policies/,0.8999999999999999,list_extraction,,"Score: 1.0, indicators for company: 1, bonus: 0",homepage_validation_failed,https://www.china-briefing.com/,0.2
E-Commerce Report Template,https://www.xyzlab.com/ecommerce-report-template,organization,https://www.xyzlab.com/post/startup-accelerators-incubators-in-china,0.8999999999999999,list_extraction,,Contains 3 non-organization indicators,homepage_validation_failed,https://www.xyzlab.com/,0.1
YouTube Video Optimisation Checklist,https://www.xyzlab.com/youtube-video-optimisation-checklist,organization,https://www.xyzlab.com/post/startup-accelerators-incubators-in-china,0.8999999999999999,list_extraction,,Contains 3 non-organization indicators,homepage_validation_failed,https://www.xyzlab.com/,0.1
Google Analytics Checklist,https://www.xyzlab.com/google-analytics-checklist,organization,https://www.xyzlab.com/post/startup-accelerators-incubators-in-china,0.8999999999999999,list_extraction,,Contains 3 non-organization indicators,homepage_validation_failed,https://www.xyzlab.com/,0.1
Meta Ads Checklist,https://www.xyzlab.com/meta-ads-checklist,organization,https://www.xyzlab.com/post/startup-accelerators-incubators-in-china,0.8999999999999999,list_extraction,,Contains 3 non-organization indicators,homepage_validation_failed,https://www.xyzlab.com/,0.1
Google Ads Checklist,https://www.xyzlab.com/google-ads-checklist,organization,https://www.xyzlab.com/post/startup-accelerators-incubators-in-china,0.8999999999999999,list_extraction,,Contains 3 non-organization indicators,homepage_validation_failed,https://www.xyzlab.com/,0.1
SEO Looker Studio Report Template,https://www.xyzlab.com/seo-looker-studio-report-template,organization,https://www.xyzlab.com/post/startup-accelerators-incubators-in-china,0.8999999999999999,list_extraction,,Contains 3 non-organization indicators,homepage_validation_failed,https://www.xyzlab.com/,0.1
Google Analytics Looker Studio Report Template,https://www.xyzlab.com/google-analytics-looker-studio-report-template,organization,https://www.xyzlab.com/post/startup-accelerators-incubators-in-china,0.8999999999999999,list_extraction,,Contains 3 non-organization indicators,homepage_validation_failed,https://www.xyzlab.com/,0.1
Email Marketing Report Template,https://www.xyzlab.com/email-marketing-report-template,organization,https://www.xyzlab.com/post/startup-accelerators-incubators-in-china,0.8999999999999999,list_extraction,,Contains 3 non-organization indicators,homepage_validation_failed,https://www.xyzlab.com/,0.1
Google Analytics Report Template,https://www.xyzlab.com/google-analytics-report-template,organization,https://www.xyzlab.com/post/startup-accelerators-incubators-in-china,0.8999999999999999,list_extraction,,Contains 3 non-organization indicators,homepage_validation_failed,https://www.xyzlab.com/,0.1
Social Media Followers Tracking Report,https://www.xyzlab.com/social-media-followers-tracking-report-template,organization,https://www.xyzlab.com/post/startup-accelerators-incubators-in-china,0.8999999999999999,list_extraction,,Contains 3 non-organization indicators,homepage_validation_failed,https://www.xyzlab.com/,0.1
Kishan S Rana,http://kishanrana.diplomacy.edu,organization,https://icsin.org/blogs/2020/08/13/incubation-systems-for-start-ups-in-china-and-india-a-comparison-of-the-two-ecosystems/,0.8999999999999999,link_analysis,Kishan S Rana Kishan S RanaonWestern Balkans: China’s Gateway to Europe,Contains 3 non-organization indicators,homepage_validation_failed,http://kishanrana.diplomacy.edu/,0.1
TikTok Ads Report Template,https://www.xyzlab.com/tiktok-ads-report-template,organization,https://www.xyzlab.com/post/startup-accelerators-incubators-in-china,0.8999999999999999,list_extraction,,Contains 3 non-organization indicators,homepage_validation_failed,https://www.xyzlab.com/,0.1
Meta Ads Report Template,https://www.xyzlab.com/meta-ads-report-template,organization,https://www.xyzlab.com/post/startup-accelerators-incubators-in-china,0.8999999999999999,list_extraction,,Contains 3 non-organization indicators,homepage_validation_failed,https://www.xyzlab.com/,0.1
Google Ads Editor Bulk Upload Template,https://www.xyzlab.com/google-ads-editor-bulk-upload-template,organization,https://www.xyzlab.com/post/startup-accelerators-incubators-in-china,0.8999999999999999,list_extraction,,Contains 3 non-organization indicators,homepage_validation_failed,https://www.xyzlab.com/,0.1
Google Ads Report Template,https://www.xyzlab.com/google-ads-report-template,organization,https://www.xyzlab.com/post/startup-accelerators-incubators-in-china,0.8999999999999999,list_extraction,,Contains 3 non-organization indicators,homepage_validation_failed,https://www.xyzlab.com/,0.1
Google Ads Editor Crash Course,https://www.xyzlab.com/google-ads-editor-course,organization,https://www.xyzlab.com/post/startup-accelerators-incubators-in-china,0.8999999999999999,list_extraction,,Contains 3 non-organization indicators,homepage_validation_failed,https://www.xyzlab.com/,0.1
Data Storytelling with AI,https://www.xyzlab.com/data-storytelling-course,organization,https://www.xyzlab.com/post/startup-accelerators-incubators-in-china,0.8999999999999999,list_extraction,,Contains 3 non-organization indicators,homepage_validation_failed,https://www.xyzlab.com/,0.1
Looker Studio Data Visualisation,https://www.xyzlab.com/looker-studio-training-course,organization,https://www.xyzlab.com/post/startup-accelerators-incubators-in-china,0.8999999999999999,list_extraction,,Contains 3 non-organization indicators,homepage_validation_failed,https://www.xyzlab.com/,0.1
Google Analytics & Tag Manager,https://www.xyzlab.com/google-analytics-tag-manager-course,organization,https://www.xyzlab.com/post/startup-accelerators-incubators-in-china,0.8999999999999999,list_extraction,,Contains 3 non-organization indicators,homepage_validation_failed,https://www.xyzlab.com/,0.1
PMax Specs,https://www.xyzlab.com/performance-max-specs,organization,https://www.xyzlab.com/post/startup-accelerators-incubators-in-china,0.8999999999999999,list_extraction,,Contains 3 non-organization indicators,homepage_validation_failed,https://www.xyzlab.com/,0.1
Google Responsive Search Ads Specs,https://www.xyzlab.com/google-search-ads-specs,organization,https://www.xyzlab.com/post/startup-accelerators-incubators-in-china,0.8999999999999999,list_extraction,,Contains 3 non-organization indicators,homepage_validation_failed,https://www.xyzlab.com/,0.1
Google Display Ads Specs,https://www.xyzlab.com/google-display-ads-specs,organization,https://www.xyzlab.com/post/startup-accelerators-incubators-in-china,0.8999999999999999,list_extraction,,Contains 3 non-organization indicators,homepage_validation_failed,https://www.xyzlab.com/,0.1
Meta Ads Specs,https://www.xyzlab.com/meta-ads-specs,organization,https://www.xyzlab.com/post/startup-accelerators-incubators-in-china,0.8999999999999999,list_extraction,,Contains 3 non-organization indicators,homepage_validation_failed,https://www.xyzlab.com/,0.1
State Administration of Industry and Commerce,http://blog.sina.com.cn/s/blog_eae24e960102x851.html,organization,https://icsin.org/blogs/2020/08/13/incubation-systems-for-start-ups-in-china-and-india-a-comparison-of-the-two-ecosystems/,0.8999999999999999,link_analysis,,"Score: 0.0, indicators for university: 0, bonus: 0",homepage_validation_failed,http://blog.sina.com.cn/,0.0
Startup India Programme,https://www.startupindia.gov.in/content/sih/en/faqs.html,organization,https://icsin.org/blogs/2020/08/13/incubation-systems-for-start-ups-in-china-and-india-a-comparison-of-the-two-ecosystems/,0.8999999999999999,link_analysis,,Contains 2 non-organization indicators,homepage_validation_failed,https://www.startupindia.gov.in/,0.1
"Atal Incubation
Centres",https://www.aim.gov.in/atal-incubation-centres.php,organization,https://icsin.org/blogs/2020/08/13/incubation-systems-for-start-ups-in-china-and-india-a-comparison-of-the-two-ecosystems/,0.8999999999999999,link_analysis,,"Score: 1.0, indicators for government: 1, bonus: 0",homepage_validation_failed,https://www.aim.gov.in/,0.2
Submit Program,https://docs.google.com/forms/d/e/1FAIpQLSdUDkieXCHCMAPs6Xwapc2KjU791sgT6XBNAmxcvwK5hRmLqw/viewform?usp=sf_link,organization,https://incubatorlist.net/top-startup-accelerators-incubators-and-vcs-in-china/index.html,0.8999999999999999,link_analysis,Submit Program SearchSearchSubmit ProgramSign-inUse Pro,"Score: 1.5, indicators for university: 0, bonus: 1.5",homepage_validation_failed,https://docs.google.com/,0.3
Co-Founders Matching,https://www.xyzlab.com/co-founders-matching,organization,https://www.xyzlab.com/post/startup-accelerators-incubators-in-china,0.8999999999999999,list_extraction,,Contains 3 non-organization indicators,homepage_validation_failed,https://www.xyzlab.com/,0.1
VCs & Angel Investors,https://www.xyzlab.com/vcs-angel-investors,organization,https://www.xyzlab.com/post/startup-accelerators-incubators-in-china,0.8999999999999999,list_extraction,,Contains 3 non-organization indicators,homepage_validation_failed,https://www.xyzlab.com/,0.1
Email Marketing Benchmarks,https://www.xyzlab.com/email-marketing-benchmarks,organization,https://www.xyzlab.com/post/startup-accelerators-incubators-in-china,0.8999999999999999,list_extraction,,Contains 3 non-organization indicators,homepage_validation_failed,https://www.xyzlab.com/,0.1
Google Ads Benchmarks,https://www.xyzlab.com/google-ads-benchmarks-worldwide,organization,https://www.xyzlab.com/post/startup-accelerators-incubators-in-china,0.8999999999999999,list_extraction,,Contains 3 non-organization indicators,homepage_validation_failed,https://www.xyzlab.com/,0.1
Meta Ads Benchmarks,https://www.xyzlab.com/meta-ads-benchmarks-worldwide,organization,https://www.xyzlab.com/post/startup-accelerators-incubators-in-china,0.8999999999999999,list_extraction,,Contains 3 non-organization indicators,homepage_validation_failed,https://www.xyzlab.com/,0.1
Invoice Generator,https://www.xyzlab.com/invoice-generator,organization,https://www.xyzlab.com/post/startup-accelerators-incubators-in-china,0.8999999999999999,list_extraction,,Contains 3 non-organization indicators,homepage_validation_failed,https://www.xyzlab.com/,0.1
UTM Builder Tool,https://www.xyzlab.com/utm-builder-tool,organization,https://www.xyzlab.com/post/startup-accelerators-incubators-in-china,0.8999999999999999,list_extraction,,Contains 3 non-organization indicators,homepage_validation_failed,https://www.xyzlab.com/,0.1
Spotify Ads Specs,https://www.xyzlab.com/spotify-ads-specs,organization,https://www.xyzlab.com/post/startup-accelerators-incubators-in-china,0.8999999999999999,list_extraction,,Contains 3 non-organization indicators,homepage_validation_failed,https://www.xyzlab.com/,0.1
Taboola Ads Specs,https://www.xyzlab.com/taboola-ads-specs,organization,https://www.xyzlab.com/post/startup-accelerators-incubators-in-china,0.8999999999999999,list_extraction,,Contains 3 non-organization indicators,homepage_validation_failed,https://www.xyzlab.com/,0.1
Telegram Ads Specs,https://www.xyzlab.com/telegram-ads-specs,organization,https://www.xyzlab.com/post/startup-accelerators-incubators-in-china,0.8999999999999999,list_extraction,,Contains 3 non-organization indicators,homepage_validation_failed,https://www.xyzlab.com/,0.1
Reddit Ads Specs,https://www.xyzlab.com/reddit-ads-specs,organization,https://www.xyzlab.com/post/startup-accelerators-incubators-in-china,0.8999999999999999,list_extraction,,Contains 3 non-organization indicators,homepage_validation_failed,https://www.xyzlab.com/,0.1
LinkedIn Ads Specs,https://www.xyzlab.com/linkedin-ads-specs,organization,https://www.xyzlab.com/post/startup-accelerators-incubators-in-china,0.8999999999999999,list_extraction,,Contains 3 non-organization indicators,homepage_validation_failed,https://www.xyzlab.com/,0.1
TikTok Ads Specs,https://www.xyzlab.com/tiktok-ads-specs,organization,https://www.xyzlab.com/post/startup-accelerators-incubators-in-china,0.8999999999999999,list_extraction,,Contains 3 non-organization indicators,homepage_validation_failed,https://www.xyzlab.com/,0.1
Create AI Workflows and Agents,https://www.xyzlab.com/ai-workflows-agents-course,organization,https://www.xyzlab.com/post/startup-accelerators-incubators-in-china,0.8999999999999999,list_extraction,,Contains 3 non-organization indicators,homepage_validation_failed,https://www.xyzlab.com/,0.1
AI Prompting for Digital Marketers,https://www.xyzlab.com/ai-digital-marketing-course,organization,https://www.xyzlab.com/post/startup-accelerators-incubators-in-china,0.8999999999999999,list_extraction,,Contains 3 non-organization indicators,homepage_validation_failed,https://www.xyzlab.com/,0.1
Google Ads Campaign Optimisation,https://www.xyzlab.com/google-ads-campaign-optimisation-course,organization,https://www.xyzlab.com/post/startup-accelerators-incubators-in-china,0.8999999999999999,list_extraction,,Contains 3 non-organization indicators,homepage_validation_failed,https://www.xyzlab.com/,0.1
Electronic World Trade Platform,https://www.ewtp.org/,organization,https://finmodelslab.com/blogs/blog/top-11-startup-accelerators-incubators-china,0.8999999999999999,link_analysis,11.Electronic World Trade Platform,"Score: 0.0, indicators for university: 0, bonus: 0",homepage_validation_failed,https://www.ewtp.org/,0.0
Yingjia Weiye Keji Fuhuaqi,http://www.bjyjwy.com.cn/,organization,https://finmodelslab.com/blogs/blog/top-11-startup-accelerators-incubators-china,0.8999999999999999,link_analysis,10.Yingjia Weiye Keji Fuhuaqi,"Score: 0.0, indicators for university: 0, bonus: 0",homepage_validation_failed,http://www.bjyjwy.com.cn/,0.0
Knight Team,http://www.knighteam.com/,organization,https://finmodelslab.com/blogs/blog/top-11-startup-accelerators-incubators-china,0.8999999999999999,link_analysis,7.Knight Team,"Score: 0.0, indicators for university: 0, bonus: 0",homepage_validation_failed,http://www.knighteam.com/,0.0
Fuhua Incubator,http://www.turbox.cn/,organization,https://finmodelslab.com/blogs/blog/top-11-startup-accelerators-incubators-china,0.8999999999999999,link_analysis,6.Fuhua Incubator,"Failed to access homepage: HTTPConnectionPool(host='www.turbox.cn', port=80): Max retries exceeded with url: / (Caused by NameResolutionError(""<urllib3.connection.HTTPConnection object at 0x123717a70>: Failed to resolve 'www.turbox.cn' ([Errno 8] nodename nor servname provided, or not known)""))",homepage_validation_failed,http://www.turbox.cn/,0.0
Xiake Daoli,https://www.hi-coffice.com/,organization,https://finmodelslab.com/blogs/blog/top-11-startup-accelerators-incubators-china,0.8999999999999999,link_analysis,4.Xiake Daoli,"Score: 0.0, indicators for university: 0, bonus: 0",homepage_validation_failed,https://www.hi-coffice.com/,0.0
CreditEase Fintech Investment Fund,http://en.ceinnovationcap.com/,organization,https://finmodelslab.com/blogs/blog/top-11-startup-accelerators-incubators-china,0.8999999999999999,link_analysis,1.CreditEase Fintech Investment Fund,"Failed to access homepage: HTTPConnectionPool(host='en.ceinnovationcap.com', port=80): Max retries exceeded with url: / (Caused by NameResolutionError(""<urllib3.connection.HTTPConnection object at 0x1236c1a60>: Failed to resolve 'en.ceinnovationcap.com' ([Errno 8] nodename nor servname provided, or not known)""))",homepage_validation_failed,http://en.ceinnovationcap.com/,0.0
Henry Sheykin,https://www.linkedin.com/in/henrysheykin,organization,https://finmodelslab.com/blogs/blog/top-11-startup-accelerators-incubators-china,0.8999999999999999,link_analysis,Henry Sheykin Henry Sheykin,Contains 3 non-organization indicators,homepage_validation_failed,https://www.linkedin.com/,0.1
Anke Corbin,https://globig.co/author/globigplatform/,organization,https://globig.co/top-accelerators-and-incubators-in-china/,0.8999999999999999,list_extraction,,"Failed to access homepage: ('Connection aborted.', RemoteDisconnected('Remote end closed connection without response'))",homepage_validation_failed,https://globig.co/,0.0
The Pros and Cons of Manufacturing in China,http://www.globig.co/blog/pros-and-cons-of-manufacturing-in-china,organization,https://globig.co/top-accelerators-and-incubators-in-china/,0.8999999999999999,link_analysis,The Pros and Cons of Manufacturing in China,"Failed to access homepage: ('Connection aborted.', RemoteDisconnected('Remote end closed connection without response'))",homepage_validation_failed,http://www.globig.co/,0.0
How-To: Lean Global Expansion,http://www.globig.co/blog/how-to-lean-global-expansion,organization,https://globig.co/top-accelerators-and-incubators-in-china/,0.8999999999999999,link_analysis,How-To: Lean Global Expansion,"Failed to access homepage: ('Connection aborted.', RemoteDisconnected('Remote end closed connection without response'))",homepage_validation_failed,http://www.globig.co/,0.0
The Startup Dilemma: Do We Have Time To Accelerate? MergeLane is a Yes.,https://blog.mergelane.com/2016/10/21/the-startup-dilemma-slow-down-to-accelerate-mergelane-is-a-yes/,organization,https://globig.co/top-accelerators-and-incubators-in-china/,0.8999999999999999,link_analysis,"To learn more about Globig’s decision to participate in an accelerator program, read our COO Ann Stewart Zachwieja’s article,The Startup Dilemma: Do We Have Time To Accelerate? MergeLane is a Yes.","Score: 0.0, indicators for university: 0, bonus: 0",homepage_validation_failed,https://blog.mergelane.com/,0.0
Microsoft Accelerator Beijing,https://startups.microsoft.com/en-us/,organization,https://globig.co/top-accelerators-and-incubators-in-china/,0.8999999999999999,link_analysis,Microsoft Accelerator Beijingoffers a 4-6 month accelerator program for later-stage startups looking to scale their business.,"Score: 1.0, indicators for company: 1, bonus: 0",homepage_validation_failed,https://startups.microsoft.com/,0.2
Tsinghua Technology and Innovation Holdings,https://www.tiholding.cn/en/web/index.html,organization,https://www.xyzlab.com/post/startup-accelerators-incubators-in-china,0.8999999999999999,link_analysis,Tsinghua Technology and Innovation Holdings Tsinghua Technology and Innovation Holdings,"Score: 0.0, indicators for university: 0, bonus: 0",homepage_validation_failed,https://www.tiholding.cn/,0.0
Tus Incubator,https://www.tusstar.com/,organization,https://www.xyzlab.com/post/startup-accelerators-incubators-in-china,0.8999999999999999,link_analysis,Tus Incubator Tus Incubator,"Score: 0.0, indicators for university: 0, bonus: 0",homepage_validation_failed,https://www.tusstar.com/,0.0
Merck Accelerator China,https://www.merckgroup.com/en/research/open-innovation/accelerator/china-program.html,organization,https://www.xyzlab.com/post/startup-accelerators-incubators-in-china,0.8999999999999999,link_analysis,Merck Accelerator China Merck Accelerator China,"Failed to access homepage: HTTPSConnectionPool(host='www.emdgroup.com', port=443): Read timed out. (read timeout=10)",homepage_validation_failed,https://www.merckgroup.com/,0.0
Feast Creative Foods,https://feast-china.com/,organization,https://www.xyzlab.com/post/startup-accelerators-incubators-in-china,0.8999999999999999,link_analysis,Feast Creative Foods Feast Creative Foods,Contains 2 non-organization indicators,homepage_validation_failed,https://feast-china.com/,0.1
LeanSpark Accelerator,https://www.leanspark.com/,organization,https://www.xyzlab.com/post/startup-accelerators-incubators-in-china,0.8999999999999999,link_analysis,LeanSpark Accelerator LeanSpark Accelerator,"Failed to access homepage: ('Connection aborted.', RemoteDisconnected('Remote end closed connection without response'))",homepage_validation_failed,https://www.leanspark.com/,0.0
Happy East Capital,http://he.capital/,organization,https://www.xyzlab.com/post/startup-accelerators-incubators-in-china,0.8999999999999999,link_analysis,Happy East Capital Happy East Capital,"Score: 0.0, indicators for university: 0, bonus: 0",homepage_validation_failed,http://he.capital/,0.0
"Venture
Tianfu-Jingronghui Project",http://www.chinadaily.com.cn/cndy/2016-03/11/content_23821013.htm,organization,https://icsin.org/blogs/2020/08/13/incubation-systems-for-start-ups-in-china-and-india-a-comparison-of-the-two-ecosystems/,0.8999999999999999,link_analysis,,Contains 2 non-organization indicators,homepage_validation_failed,http://www.chinadaily.com.cn/,0.1
E-Commerce Benchmarks,https://www.xyzlab.com/ecommerce-benchmarks,organization,https://www.xyzlab.com/post/startup-accelerators-incubators-in-china,0.8999999999999999,list_extraction,,Contains 3 non-organization indicators,homepage_validation_failed,https://www.xyzlab.com/,0.1
Vietnam Briefing,https://www.vietnam-briefing.com/,organization,https://www.china-briefing.com/news/china-startup-landscape-industries-investment-and-incentive-policies/,0.8999999999999999,link_analysis,Vietnam Briefing Asia BriefingChina BriefingASEAN BriefingIndia BriefingVietnam BriefingMiddle East Briefing,"Score: 1.0, indicators for company: 1, bonus: 0",homepage_validation_failed,https://www.vietnam-briefing.com/,0.2
Arendse Huld,https://www.asiabriefing.com/personnel/arendse-huld.html,organization,https://www.china-briefing.com/news/china-startup-landscape-industries-investment-and-incentive-policies/,0.8999999999999999,link_analysis,"Written byArendse HuldandYanyan Shang April 24, 2025Posted byChina BriefingWritten byArendse HuldandYanyan ShangReading Time:11minutes","Score: 0.0, indicators for university: 0, bonus: 0",homepage_validation_failed,https://www.asiabriefing.com/,0.0
ChangXin Memory Technologies,https://www.scmp.com/tech/tech-trends/article/3291019/tech-war-chinas-chip-industry-reports-sharp-drop-funding-2024-amid-us-rivalry,organization,https://www.china-briefing.com/news/china-startup-landscape-industries-investment-and-incentive-policies/,0.8999999999999999,link_analysis,"Notably,ChangXin Memory Technologies(CXMT) secured a RMB 10.8 billion(US$1.48 billion) funding round in March 2024, while mobile chip specialist Unisoc raised a total of RMB 6 billion (US$828 million) ahead of a potential IPO planned for 2025.",Contains 2 non-organization indicators,homepage_validation_failed,https://www.scmp.com/,0.1
China Bridge,https://finance.sina.com.cn/tech/roll/2025-01-06/doc-ineczhrz2583513.shtml,organization,https://www.china-briefing.com/news/china-startup-landscape-industries-investment-and-incentive-policies/,0.8999999999999999,link_analysis,,"Score: 0.0, indicators for university: 0, bonus: 0",homepage_validation_failed,https://finance.sina.com.cn/,0.0
Value-Added Tax (VAT),https://www.gov.cn/zhengce/zhengceku/202308/content_6896287.htm,organization,https://www.china-briefing.com/news/china-startup-landscape-industries-investment-and-incentive-policies/,0.8999999999999999,link_analysis,"Value-Added Tax (VAT)relief: Small-scale VAT taxpayers, typically those with annual sales under RMB 5 million, enjoy a reduced VAT rate of 1 percent (down from 3 percent). In addition, businesses with monthly sales under RMB 100,000 (or quarterly sales under RMB 300,000) are exempt from VAT altogether.","Score: 0.0, indicators for university: 0, bonus: 0",homepage_validation_failed,https://www.gov.cn/,0.0
Individual Income Tax (IIT) incentives,https://www.gov.cn/zhengce/zhengceku/202308/content_6896423.htm,organization,https://www.china-briefing.com/news/china-startup-landscape-industries-investment-and-incentive-policies/,0.8999999999999999,link_analysis,Individual Income Tax (IIT) incentives:  Sole proprietors and individually owned businesses benefit from a 50 percent reduction in the applicable IIT rate for the portion of annual taxable income not exceeding RMB 1 million.,"Score: 0.0, indicators for university: 0, bonus: 0",homepage_validation_failed,https://www.gov.cn/,0.0
Office of the State Council,https://www.gov.cn/zhengce/content/2021-10/12/content_5642037.htm,organization,https://www.china-briefing.com/news/china-startup-landscape-industries-investment-and-incentive-policies/,0.8999999999999999,link_analysis,,"Score: 0.0, indicators for university: 0, bonus: 0",homepage_validation_failed,https://www.gov.cn/,0.0
Economy & Trade,https://www.china-briefing.com/news/category/economy-trade,organization,https://www.china-briefing.com/news/china-startup-landscape-industries-investment-and-incentive-policies/,0.8999999999999999,list_extraction,,"Score: 1.0, indicators for company: 1, bonus: 0",homepage_validation_failed,https://www.china-briefing.com/,0.2
Reports & Infographics,https://startupuniversal.com/country/china/#tab-reports_infographics,organization,https://startupuniversal.com/country/china/,0.8999999999999999,list_extraction,,Contains 3 non-organization indicators,homepage_validation_failed,https://startupuniversal.com/,0.1
Proudly powered by WordPress,https://wordpress.org/,organization,https://icsin.org/blogs/2020/08/13/incubation-systems-for-start-ups-in-china-and-india-a-comparison-of-the-two-ecosystems/,0.8999999999999999,link_analysis,Proudly powered by WordPress♦Theme: affinity byAutomattic. Proudly powered by WordPress♦Theme: affinity byAutomattic.,Contains 3 non-organization indicators,homepage_validation_failed,https://wordpress.org/,0.1
Papermark,https://www.papermark.com,organization,https://www.papermark.com/blog/china-startup-accelerator,0.8,structured_data,,Contains 2 non-organization indicators,homepage_validation_failed,https://www.papermark.com/,0.1
Mandarin Schools,https://www.smartshanghai.com/listings/education/language-schools/,university,https://www.smartshanghai.com/listings/business/accelerator/,0.8,list_extraction,,Contains 2 non-organization indicators,homepage_validation_failed,https://www.smartshanghai.com/,0.1
PandaDoc,https://www.papermark.com/alternatives/pandadoc,organization,https://www.papermark.com/blog/china-startup-accelerator,0.6,list_extraction,,Contains 2 non-organization indicators,homepage_validation_failed,https://www.papermark.com/,0.1
BriefLink,https://www.papermark.com/alternatives/brieflink,organization,https://www.papermark.com/blog/china-startup-accelerator,0.6,list_extraction,,Contains 2 non-organization indicators,homepage_validation_failed,https://www.papermark.com/,0.1
Gaiax,https://www.gaiax.co.jp/,organization,https://www.xyzlab.com/post/startup-accelerators-incubators-in-japan,0.6,link_analysis,Gaiax Gaiax,"Score: 0.0, indicators for university: 0, bonus: 0",homepage_validation_failed,https://www.gaiax.co.jp/,0.0
DocSend,https://www.papermark.com/alternatives/docsend,organization,https://www.papermark.com/blog/china-startup-accelerator,0.6,list_extraction,,Contains 2 non-organization indicators,homepage_validation_failed,https://www.papermark.com/,0.1
Media,https://www.china-briefing.com/about-us/overview.html,organization,https://www.china-briefing.com/news/china-startup-landscape-industries-investment-and-incentive-policies/,0.6,list_extraction,,"Score: 1.0, indicators for company: 1, bonus: 0",homepage_validation_failed,https://www.china-briefing.com/,0.2
Xnode,http://thexnode.com/,organization,https://startupuniversal.com/country/china/,0.6,link_analysis,Xnode(Shanghai) EditXnode(Shanghai),"Score: 1.0, indicators for company: 1, bonus: 0",homepage_validation_failed,http://thexnode.com/,0.2
SquareSpace,https://squarespace.syuh.net/VqGeO,organization,https://startuptalky.com/startup-incubators-in-china/,0.6,link_analysis,SquareSpace Website BuilderSquareSpace,"Score: 0.0, indicators for university: 0, bonus: 0",homepage_validation_failed,https://squarespace.syuh.net/,0.0
TechTemple,http://techtemple.com/en/,organization,https://startupuniversal.com/country/china/,0.6,link_analysis,"TechTemple(Beijing, Shenzhen, Nanjing, Hangzhou) EditTechTemple(Beijing, Shenzhen, Nanjing, Hangzhou)","Failed to access homepage: HTTPConnectionPool(host='techtemple.com', port=80): Max retries exceeded with url: / (Caused by NewConnectionError('<urllib3.connection.HTTPConnection object at 0x1279b3bf0>: Failed to establish a new connection: [Errno 61] Connection refused'))",homepage_validation_failed,http://techtemple.com/,0.0
XNode (Zhangjiang),https://www.smartshanghai.com/venue/15718/xnode_zhangjiang,organization,https://www.smartshanghai.com/listings/business/accelerator/,0.6,list_extraction,,Contains 2 non-organization indicators,homepage_validation_failed,https://www.smartshanghai.com/,0.1
InnoSpring,http://innospring.net/en/index.html,organization,https://globig.co/top-accelerators-and-incubators-in-china/,0.6,link_analysis,InnoSpringhelps startups expand their business in China and around the world.,"Score: 0.0, indicators for university: 0, bonus: 0",homepage_validation_failed,http://innospring.net/,0.0
HAX,https://hax.co/,organization,https://globig.co/top-accelerators-and-incubators-in-china/,0.6,link_analysis,HAX—HAX accepts two classes of startups each year to move to Shenzhen for 111 days to participate in its accelerator program. HAX focuses on hardware.,"Score: 0.0, indicators for university: 0, bonus: 0",homepage_validation_failed,https://hax.co/,0.0
XNode (Jing'an),https://www.smartshanghai.com/venue/13239/xnode_jingan,organization,https://www.smartshanghai.com/listings/business/accelerator/,0.6,list_extraction,,Contains 2 non-organization indicators,homepage_validation_failed,https://www.smartshanghai.com/,0.1
FAQ,https://www.smartshanghai.com/faq,organization,https://www.smartshanghai.com/listings/business/accelerator/,0.6,list_extraction,,Contains 2 non-organization indicators,homepage_validation_failed,https://www.smartshanghai.com/,0.1
Map,https://www.smartshanghai.com/listings/business/accelerator/?view=map,organization,https://www.smartshanghai.com/listings/business/accelerator/,0.6,list_extraction,,Contains 2 non-organization indicators,homepage_validation_failed,https://www.smartshanghai.com/,0.1
HELP,https://www.smartshanghai.com/articles/health-and-wellbeing/emergency-rooms-in-the-city,organization,https://www.smartshanghai.com/listings/business/accelerator/,0.6,list_extraction,,Contains 2 non-organization indicators,homepage_validation_failed,https://www.smartshanghai.com/,0.1
SmartTicket ticketing service,https://www.smartshanghai.com/events/,organization,https://www.smartshanghai.com/listings/business/accelerator/,0.6,list_extraction,,Contains 2 non-organization indicators,homepage_validation_failed,https://www.smartshanghai.com/,0.1
AA Accelerator,http://www.aastartups.com,organization,https://finmodelslab.com/blogs/blog/top-11-startup-accelerators-incubators-china,0.6,link_analysis,2.AA Accelerator,"Failed to access homepage: HTTPConnectionPool(host='www.aastartups.com', port=80): Read timed out. (read timeout=10)",homepage_validation_failed,http://www.aastartups.com/,0.0
WordPress.org,https://wordpress.org/,organization,https://icsin.org/blogs/2020/08/13/incubation-systems-for-start-ups-in-china-and-india-a-comparison-of-the-two-ecosystems/,0.6,link_analysis,WordPress.org Log inEntriesRSSCommentsRSSWordPress.org,Contains 3 non-organization indicators,homepage_validation_failed,https://wordpress.org/,0.1
Inbox,https://www.smartshanghai.com/userarea/messaging/,organization,https://www.smartshanghai.com/listings/business/accelerator/,0.6,list_extraction,,Contains 2 non-organization indicators,homepage_validation_failed,https://www.smartshanghai.com/,0.1
IEStreet,http://www.ies.vc/,organization,https://finmodelslab.com/blogs/blog/top-11-startup-accelerators-incubators-china,0.6,link_analysis,9.IEStreet,"Failed to access homepage: ('Connection aborted.', RemoteDisconnected('Remote end closed connection without response'))",homepage_validation_failed,http://www.ies.vc/,0.0
IT Juzi,https://www.itjuzi.com/mall/95?ca=1,organization,https://www.china-briefing.com/news/china-startup-landscape-industries-investment-and-incentive-policies/,0.6,link_analysis,"Various high-tech sectors are also receiving significant attention in the startup space. According toIT Juzi, a startup database and information service provider, of the 260 companies in the new economy that were established and received financing at the end of 2024. Despite a decline in numbers, certain sectors like artificial intelligence and semiconductors have seen increased investment, with February 2025 witnessing 42 corporate-backed funding rounds, 11 of which were in the IT sector.","Score: 0.0, indicators for university: 0, bonus: 0",homepage_validation_failed,https://www.itjuzi.com/,0.0
Huxiu,https://www.huxiu.com/,organization,https://startupuniversal.com/country/china/,0.6,link_analysis,Huxiu EditHuxiu,"Score: 0.0, indicators for university: 0, bonus: 0",homepage_validation_failed,https://www.huxiu.com/,0.0
GeekPark,https://www.geekpark.net/,organization,https://startupuniversal.com/country/china/,0.6,link_analysis,GeekPark EditGeekPark,"Score: 0.0, indicators for university: 0, bonus: 0",homepage_validation_failed,https://www.geekpark.net/,0.0
EqualOcean,https://www.iyiou.com/,organization,https://startupuniversal.com/country/china/,0.6,link_analysis,EqualOcean EditEqualOcean,"Score: 0.0, indicators for university: 0, bonus: 0",homepage_validation_failed,https://www.iyiou.com/,0.0
Volunteer,https://www.smartshanghai.com/articles/community/the-listicle-volunteering-in-shanghai,organization,https://www.smartshanghai.com/listings/business/accelerator/,0.6,list_extraction,,Contains 2 non-organization indicators,homepage_validation_failed,https://www.smartshanghai.com/,0.1
Spaceyun,http://www.spaceyun.com/?ref=coworker,organization,https://startupuniversal.com/country/china/,0.6,link_analysis,Spaceyun(Shanghai) EditSpaceyun(Shanghai),"Score: 0.5, indicators for university: 0, bonus: 0.5",homepage_validation_failed,http://www.spaceyun.com/,0.1
Dephlex,https://dephlexcreatives.com/,organization,https://thestartupcastle.com/,0.6,link_analysis,Dephlex Copyright ©2020 – Startup Castle. All Right Reserved. Designed and Developed byDephlex,"Score: 1.0, indicators for company: 1, bonus: 0",homepage_validation_failed,https://dephlexcreatives.com/,0.2
SimplyWork,http://www.simplywork.cn/,organization,https://startupuniversal.com/country/china/,0.6,link_analysis,SimplyWork(Shenzhen) EditSimplyWork(Shenzhen),"Failed to access homepage: ('Connection aborted.', RemoteDisconnected('Remote end closed connection without response'))",homepage_validation_failed,http://www.simplywork.cn/,0.0
Ayis,https://www.smartshanghai.com/listings/services/nanny/,organization,https://www.smartshanghai.com/listings/business/accelerator/,0.6,list_extraction,,Contains 2 non-organization indicators,homepage_validation_failed,https://www.smartshanghai.com/,0.1
TOJOY,https://en.tojoy.com/,organization,https://www.xyzlab.com/post/startup-accelerators-incubators-in-china,0.6,link_analysis,TOJOY TOJOY,"Score: 1.0, indicators for company: 1, bonus: 0",homepage_validation_failed,https://en.tojoy.com/,0.2
XNode,https://www.thexnode.com/startup-acceleration/main-page,organization,https://www.xyzlab.com/post/startup-accelerators-incubators-in-china,0.6,link_analysis,XNode XNode,"Score: 1.0, indicators for company: 1, bonus: 0",homepage_validation_failed,https://www.thexnode.com/,0.2
Sandbox,https://sandbox3.cn/home,organization,https://startupuniversal.com/country/china/,0.6,link_analysis,Sandbox(Shanghai) EditSandbox(Shanghai),"Score: 0.0, indicators for university: 0, bonus: 0",homepage_validation_failed,https://sandbox3.cn/,0.0
SOSV/HAX,https://hax.co/,organization,https://startupuniversal.com/country/china/,0.6,link_analysis,"SOSV/HAX(Shenzhen):HAX is the world’s first and most prolific accelerator program for hardware, robotics, and connected devices.(Source: SOSV) EditSOSV/HAX(Shenzhen):HAX is the world’s first and most prolific accelerator program for hardware, robotics, and connected devices.(Source: SOSV)","Score: 0.0, indicators for university: 0, bonus: 0",homepage_validation_failed,https://hax.co/,0.0
SOSV/Chinaccelerator,https://chinaccelerator.com/,organization,https://startupuniversal.com/country/china/,0.6,link_analysis,"SOSV/Chinaccelerator(Shanghai):The first mentorship-driven, seed-funding accelerator program in China for entrepreneurs innovating at the cutting edge of information technology, either entering China, expanding across SE Asia, and ultimately dominating globally.(Source: SOSV) EditSOSV/Chinaccelerator(Shanghai):The first mentorship-driven, seed-funding accelerator program in China for entrepreneurs innovating at the cutting edge of information technology, either entering China, expanding across SE Asia, and ultimately dominating globally.(Source: SOSV)","Score: 0.0, indicators for university: 0, bonus: 0",homepage_validation_failed,https://chinaccelerator.com/,0.0
TusStar,https://www.tusstar-en.com/,organization,https://startupuniversal.com/country/china/,0.6,link_analysis,TusStar(Beijing) EditTusStar(Beijing),"Score: 0.0, indicators for university: 0, bonus: 0",homepage_validation_failed,https://www.tusstar-en.com/,0.0
UPDRAFT,https://updraft.asia/,organization,https://www.xyzlab.com/post/startup-accelerators-incubators-in-japan,0.6,link_analysis,UPDRAFT UPDRAFT,"Score: 0.0, indicators for university: 0, bonus: 0",homepage_validation_failed,https://updraft.asia/,0.0
USHOPAL,https://us.ushopal.com/,organization,https://startupuniversal.com/country/china/,0.6,link_analysis,USHOPAL USHOPALRetailShanghai,"Score: 0.5, indicators for university: 0, bonus: 0.5",homepage_validation_failed,https://us.ushopal.com/,0.1
HAX,https://hax.co/,organization,https://www.xyzlab.com/post/startup-accelerators-incubators-in-china,0.6,link_analysis,HAX HAX,"Score: 0.0, indicators for university: 0, bonus: 0",homepage_validation_failed,https://hax.co/,0.0
Ocheng,http://ocheng.me/,organization,https://startupuniversal.com/country/china/,0.6,link_analysis,Ocheng OchengArtificial IntelligenceShanghai,"Score: 0.0, indicators for university: 0, bonus: 0",homepage_validation_failed,http://ocheng.me/,0.0
G5 Innonet,http://www.g5inno.net/,organization,https://www.xyzlab.com/post/startup-accelerators-incubators-in-china,0.6,link_analysis,G5 Innonet G5 Innonet,"Failed to access homepage: HTTPConnectionPool(host='www.g5inno.net', port=80): Read timed out. (read timeout=10)",homepage_validation_failed,http://www.g5inno.net/,0.0
JadeValue,http://www.jadevaluefintech.com/index,organization,https://www.xyzlab.com/post/startup-accelerators-incubators-in-china,0.6,link_analysis,JadeValue JadeValue,"Score: 0.0, indicators for university: 0, bonus: 0",homepage_validation_failed,http://www.jadevaluefintech.com/,0.0
JadeValue,https://www.smartshanghai.com/venue/16402/jadevalue,organization,https://www.smartshanghai.com/listings/business/accelerator/,0.6,list_extraction,,Contains 2 non-organization indicators,homepage_validation_failed,https://www.smartshanghai.com/,0.1
air quality los angeles map IQAir,https://www.iqair.com/usa/california/los-angeles,organization,https://icsin.org/blogs/2020/08/13/incubation-systems-for-start-ups-in-china-and-india-a-comparison-of-the-two-ecosystems/,0.6,link_analysis,air quality los angeles map IQAir air quality los angeles map IQAironPharmaceutical sector in India and China: Some aspects for consideration,"Score: 1.0, indicators for company: 1, bonus: 0",homepage_validation_failed,https://www.iqair.com/,0.2
