title,url,content_type,source_url,description
Top 200 Universities in the World,https://www.unirank.org/world/top-200/,blog_post,https://www.unirank.org/jp/,General article or blog post
Top 200 Universities in North America,https://www.unirank.org/north-america/top-200/,blog_post,https://www.unirank.org/jp/,General article or blog post
Top 200 Universities in Latin America,https://www.unirank.org/latin-america/top-200/,blog_post,https://www.unirank.org/jp/,General article or blog post
Top 200 Universities in Europe,https://www.unirank.org/europe/top-200/,blog_post,https://www.unirank.org/jp/,General article or blog post
Top 200 Universities in Africa,https://www.unirank.org/africa/top-200/,blog_post,https://www.unirank.org/jp/,General article or blog post
Top 200 Universities in Asia,https://www.unirank.org/asia/top-200/,blog_post,https://www.unirank.org/jp/,General article or blog post
Top 50 Universities in Oceania,https://www.unirank.org/oceania/top-50/,blog_post,https://www.unirank.org/jp/,General article or blog post
Top 200 English-speaking Universities,https://www.unirank.org/english-speaking-countries/top-200/,blog_post,https://www.unirank.org/jp/,General article or blog post
Top 200 Spanish-speaking Universities,https://www.unirank.org/spanish-speaking-countries/top-200/,blog_post,https://www.unirank.org/jp/,General article or blog post
Top 200 Arabic-speaking Universities,https://www.unirank.org/arabic-speaking-countries/top-200/,blog_post,https://www.unirank.org/jp/,General article or blog post
Top 200 Universities on Facebook,https://www.unirank.org/facebook/top-200/,blog_post,https://www.unirank.org/jp/,General article or blog post
Top 200 Universities on X,https://www.unirank.org/x/top-200/,blog_post,https://www.unirank.org/jp/,General article or blog post
Top 200 Universities on Instagram,https://www.unirank.org/instagram/top-200/,blog_post,https://www.unirank.org/jp/,General article or blog post
Top 200 Universities on YouTube,https://www.unirank.org/youtube/top-200/,blog_post,https://www.unirank.org/jp/,General article or blog post
Top religiously affiliated Universities,https://www.unirank.org/religious/top/,blog_post,https://www.unirank.org/jp/,General article or blog post
Guide to University Programs and Courses,https://www.unirank.org/guides/university-programs-courses/,blog_post,https://www.unirank.org/jp/,General article or blog post
Free online courses by OEG Universities,https://www.unirank.org/oeglobal/,directory,https://www.unirank.org/jp/,Directory or listing page
Top Public Universities in Japan,https://www.unirank.org/jp/public/,blog_post,https://www.unirank.org/jp/,General article or blog post
Top Private Universities in Japan,https://www.unirank.org/jp/private/,blog_post,https://www.unirank.org/jp/,General article or blog post
Top Non-Profit Universities in Japan,https://www.unirank.org/jp/non-profit/,blog_post,https://www.unirank.org/jp/,General article or blog post
Top For-Profit Universities in Japan,https://www.unirank.org/jp/for-profit/,blog_post,https://www.unirank.org/jp/,General article or blog post
Top Japanese Universities on Facebook,https://www.unirank.org/facebook/jp/,blog_post,https://www.unirank.org/jp/,General article or blog post
Top Japanese Universities on Twitter,https://www.unirank.org/x/jp/,blog_post,https://www.unirank.org/jp/,General article or blog post
Top Japanese Universities on Instagram,https://www.unirank.org/instagram/jp/,blog_post,https://www.unirank.org/jp/,General article or blog post
Top Japanese Universities on YouTube,https://www.unirank.org/youtube/jp/,blog_post,https://www.unirank.org/jp/,General article or blog post
Top 200 Universities in the World,https://www.unirank.org/world/top-200/,blog_post,https://www.unirank.org/jp/,General article or blog post
Top 200 Universities in North America,https://www.unirank.org/north-america/top-200/,blog_post,https://www.unirank.org/jp/,General article or blog post
Top 200 Universities in Latin America,https://www.unirank.org/latin-america/top-200/,blog_post,https://www.unirank.org/jp/,General article or blog post
Top 200 Universities in Europe,https://www.unirank.org/europe/top-200/,blog_post,https://www.unirank.org/jp/,General article or blog post
Top 200 Universities in Africa,https://www.unirank.org/africa/top-200/,blog_post,https://www.unirank.org/jp/,General article or blog post
Top 200 Universities in Asia,https://www.unirank.org/asia/top-200/,blog_post,https://www.unirank.org/jp/,General article or blog post
Top 50 Universities in Oceania,https://www.unirank.org/oceania/top-50/,blog_post,https://www.unirank.org/jp/,General article or blog post
Guide to University Programs and Courses,https://www.unirank.org/guides/university-programs-courses/,blog_post,https://www.unirank.org/jp/,General article or blog post
About,https://www.unirank.org/about/,navigation,https://www.unirank.org/jp/,Website navigation element
Contact,https://www.unirank.org/cntc/,navigation,https://www.unirank.org/jp/,Website navigation element
Top 200 Universities in the World,https://www.unirank.org/world/top-200/,blog_post,https://www.unirank.org/jp/a-z/,General article or blog post
Top 200 Universities in North America,https://www.unirank.org/north-america/top-200/,blog_post,https://www.unirank.org/jp/a-z/,General article or blog post
Top 200 Universities in Latin America,https://www.unirank.org/latin-america/top-200/,blog_post,https://www.unirank.org/jp/a-z/,General article or blog post
Top 200 Universities in Europe,https://www.unirank.org/europe/top-200/,blog_post,https://www.unirank.org/jp/a-z/,General article or blog post
Top 200 Universities in Africa,https://www.unirank.org/africa/top-200/,blog_post,https://www.unirank.org/jp/a-z/,General article or blog post
Top 200 Universities in Asia,https://www.unirank.org/asia/top-200/,blog_post,https://www.unirank.org/jp/a-z/,General article or blog post
Top 50 Universities in Oceania,https://www.unirank.org/oceania/top-50/,blog_post,https://www.unirank.org/jp/a-z/,General article or blog post
Top 200 English-speaking Universities,https://www.unirank.org/english-speaking-countries/top-200/,blog_post,https://www.unirank.org/jp/a-z/,General article or blog post
Top 200 Spanish-speaking Universities,https://www.unirank.org/spanish-speaking-countries/top-200/,blog_post,https://www.unirank.org/jp/a-z/,General article or blog post
Top 200 Arabic-speaking Universities,https://www.unirank.org/arabic-speaking-countries/top-200/,blog_post,https://www.unirank.org/jp/a-z/,General article or blog post
Top 200 Universities on Facebook,https://www.unirank.org/facebook/top-200/,blog_post,https://www.unirank.org/jp/a-z/,General article or blog post
Top 200 Universities on X,https://www.unirank.org/x/top-200/,blog_post,https://www.unirank.org/jp/a-z/,General article or blog post
Top 200 Universities on Instagram,https://www.unirank.org/instagram/top-200/,blog_post,https://www.unirank.org/jp/a-z/,General article or blog post
Top 200 Universities on YouTube,https://www.unirank.org/youtube/top-200/,blog_post,https://www.unirank.org/jp/a-z/,General article or blog post
Top religiously affiliated Universities,https://www.unirank.org/religious/top/,blog_post,https://www.unirank.org/jp/a-z/,General article or blog post
Guide to University Programs and Courses,https://www.unirank.org/guides/university-programs-courses/,blog_post,https://www.unirank.org/jp/a-z/,General article or blog post
Free online courses by OEG Universities,https://www.unirank.org/oeglobal/,directory,https://www.unirank.org/jp/a-z/,Directory or listing page
Top Public Universities in Japan,https://www.unirank.org/jp/public/,blog_post,https://www.unirank.org/jp/a-z/,General article or blog post
Top Private Universities in Japan,https://www.unirank.org/jp/private/,blog_post,https://www.unirank.org/jp/a-z/,General article or blog post
Top Non-Profit Universities in Japan,https://www.unirank.org/jp/non-profit/,blog_post,https://www.unirank.org/jp/a-z/,General article or blog post
Top For-Profit Universities in Japan,https://www.unirank.org/jp/for-profit/,blog_post,https://www.unirank.org/jp/a-z/,General article or blog post
Top Japanese Universities on Facebook,https://www.unirank.org/facebook/jp/,blog_post,https://www.unirank.org/jp/a-z/,General article or blog post
Top Japanese Universities on Twitter,https://www.unirank.org/x/jp/,blog_post,https://www.unirank.org/jp/a-z/,General article or blog post
Top Japanese Universities on Instagram,https://www.unirank.org/instagram/jp/,blog_post,https://www.unirank.org/jp/a-z/,General article or blog post
Top Japanese Universities on YouTube,https://www.unirank.org/youtube/jp/,blog_post,https://www.unirank.org/jp/a-z/,General article or blog post
Top 200 Universities in the World,https://www.unirank.org/world/top-200/,blog_post,https://www.unirank.org/jp/a-z/,General article or blog post
Top 200 Universities in North America,https://www.unirank.org/north-america/top-200/,blog_post,https://www.unirank.org/jp/a-z/,General article or blog post
Top 200 Universities in Latin America,https://www.unirank.org/latin-america/top-200/,blog_post,https://www.unirank.org/jp/a-z/,General article or blog post
Top 200 Universities in Europe,https://www.unirank.org/europe/top-200/,blog_post,https://www.unirank.org/jp/a-z/,General article or blog post
Top 200 Universities in Africa,https://www.unirank.org/africa/top-200/,blog_post,https://www.unirank.org/jp/a-z/,General article or blog post
Top 200 Universities in Asia,https://www.unirank.org/asia/top-200/,blog_post,https://www.unirank.org/jp/a-z/,General article or blog post
Top 50 Universities in Oceania,https://www.unirank.org/oceania/top-50/,blog_post,https://www.unirank.org/jp/a-z/,General article or blog post
Guide to University Programs and Courses,https://www.unirank.org/guides/university-programs-courses/,blog_post,https://www.unirank.org/jp/a-z/,General article or blog post
About,https://www.unirank.org/about/,navigation,https://www.unirank.org/jp/a-z/,Website navigation element
Contact,https://www.unirank.org/cntc/,navigation,https://www.unirank.org/jp/a-z/,Website navigation element
Top,https://univinjapan.com/list.html#wrapper,blog_post,https://univinjapan.com/list.html,General article or blog post
Contact US,https://stubard.com/contact-us/,navigation,https://stubard.com/blog/admission/top-10-universities-in-japan-by-latest-qs-rankings/,Website navigation element
About US,https://stubard.com/about-us/,navigation,https://stubard.com/blog/admission/top-10-universities-in-japan-by-latest-qs-rankings/,Website navigation element
Next PostPart-Time Jobs in Ireland for International Students: A Complete Guide,https://stubard.com/blog/job/part-time-jobs-in-ireland-for-international-students/,blog_post,https://stubard.com/blog/admission/top-10-universities-in-japan-by-latest-qs-rankings/,General article or blog post
Contact US,https://stubard.com/contact-us/,navigation,https://stubard.com/blog/admission/top-10-universities-in-japan-by-latest-qs-rankings/,Website navigation element
About US,https://stubard.com/about-us/,navigation,https://stubard.com/blog/admission/top-10-universities-in-japan-by-latest-qs-rankings/,Website navigation element
Home,https://www.timeshighereducation.com/,navigation,https://www.timeshighereducation.com/student/best-universities/best-universities-japan,Website navigation element
Home,https://www.timeshighereducation.com/academic/news,navigation,https://www.timeshighereducation.com/student/best-universities/best-universities-japan,Website navigation element
Home,https://www.timeshighereducation.com/campus,navigation,https://www.timeshighereducation.com/student/best-universities/best-universities-japan,Website navigation element
Key topics in HE,https://www.timeshighereducation.com/campus/key-topics,blog_post,https://www.timeshighereducation.com/student/best-universities/best-universities-japan,General article or blog post
Spotlight guides,https://www.timeshighereducation.com/campus/spotlight,blog_post,https://www.timeshighereducation.com/student/best-universities/best-universities-japan,General article or blog post
About,https://www.timeshighereducation.com/campus/about-campus,navigation,https://www.timeshighereducation.com/student/best-universities/best-universities-japan,Website navigation element
Home,https://www.timeshighereducation.com/unijobs,navigation,https://www.timeshighereducation.com/student/best-universities/best-universities-japan,Website navigation element
Home,https://www.timeshighereducation.com/events,navigation,https://www.timeshighereducation.com/student/best-universities/best-universities-japan,Website navigation element
Home,https://www.timeshighereducation.com/world-university-rankings,navigation,https://www.timeshighereducation.com/student/best-universities/best-universities-japan,Website navigation element
About THE rankings,https://www.timeshighereducation.com/world-university-rankings/about-the-times-higher-education-world-university-rankings,navigation,https://www.timeshighereducation.com/student/best-universities/best-universities-japan,Website navigation element
Home,https://www.timeshighereducation.com/student,navigation,https://www.timeshighereducation.com/student/best-universities/best-universities-japan,Website navigation element
Best universities,https://www.timeshighereducation.com/student/best-universities,blog_post,https://www.timeshighereducation.com/student/best-universities/best-universities-japan,General article or blog post
Home,https://www.timeshighereducation.com/our-solutions,navigation,https://www.timeshighereducation.com/student/best-universities/best-universities-japan,Website navigation element
Best universities in Asia,https://www.timeshighereducation.com/world-university-rankings/2025/regional-ranking,blog_post,https://www.timeshighereducation.com/student/best-universities/best-universities-japan,General article or blog post
Best universities in Taiwan,https://www.timeshighereducation.com/student/best-universities/best-universities-taiwan,blog_post,https://www.timeshighereducation.com/student/best-universities/best-universities-japan,General article or blog post
Best universities in Hong Kong,https://www.timeshighereducation.com/student/best-universities/best-universities-hong-kong,blog_post,https://www.timeshighereducation.com/student/best-universities/best-universities-japan,General article or blog post
Best universities in Singapore,https://www.timeshighereducation.com/student/best-universities/best-universities-singapore,blog_post,https://www.timeshighereducation.com/student/best-universities/best-universities-japan,General article or blog post
Best universities in China,https://www.timeshighereducation.com/student/best-universities/best-universities-china,blog_post,https://www.timeshighereducation.com/student/best-universities/best-universities-japan,General article or blog post
Best universities in Tokyo,https://www.timeshighereducation.com/student/best-universities/best-universities-tokyo,blog_post,https://www.timeshighereducation.com/student/best-universities/best-universities-japan,General article or blog post
Develop the skills top employers want while you study and get a digital certificate to boost your CV!Learn more,https://www.timeshighereducation.com/student/certifications/skills-now-maximise-your-employability,blog_post,https://www.timeshighereducation.com/student/best-universities/best-universities-japan,General article or blog post
"Best universities in Asia 2025Explore the top universities in Asia based on data collected for the Times Higher Education Asia University Rankings. The rankings are put together using a robust methdology which includes student engagement, academic reputation and international exchange opportunities.&nbsp;April 23 2025",https://www.timeshighereducation.com/student/best-universities/best-universities-asia,blog_post,https://www.timeshighereducation.com/student/best-universities/best-universities-japan,General article or blog post
Best universities in China 2025Find out all about the top universities in China based on the Times Higher Education World University Rankngs 2025October 25 2024,https://www.timeshighereducation.com/student/best-universities/best-universities-china,blog_post,https://www.timeshighereducation.com/student/best-universities/best-universities-japan,General article or blog post
"Best universities in Malaysia 2025Discover the Times Higher Education Malaysia University Rankings 2025 and explore which universities in Malaysia rank the highest.This list of Malaysian universities reveals the best universities and colleges in Malaysa, according to the trusted Times Higher Education World University Rankings 2025.Universities across Malaysia are scored in areas such as teaching, research and international outlook.It uses a robust methodology, created by the in-house data team, that is relied upon by students, academics, policymakers, and industry leaders worldwide.June 30 2025",https://www.timeshighereducation.com/student/best-universities/best-universities-malaysia,blog_post,https://www.timeshighereducation.com/student/best-universities/best-universities-japan,General article or blog post
"Best colleges in India 2025 - India University RankingsDiscover the rankings for the best colleges in India in 2025 and compare the top 107 institutions in the country.&nbsp;The list of Indian universities is derived from the trusted THE’s World University Rankings 2025. The rankings are part of an exhaustive evaluation that assesses areas such as teaching, research and international outlook. The methodology is designed by Times Higher Education’s in-house data team, and it is trusted by students, academic, policymakers, and industry leaders worldwide.&nbsp;March 10 2025",https://www.timeshighereducation.com/student/best-universities/best-universities-india,blog_post,https://www.timeshighereducation.com/student/best-universities/best-universities-japan,General article or blog post
Best universities,https://www.timeshighereducation.com/student/best-universities,blog_post,https://www.timeshighereducation.com/student/best-universities/best-universities-japan,General article or blog post
How to apply,https://www.timeshighereducation.com/student/how-to-apply,blog_post,https://www.timeshighereducation.com/student/best-universities/best-universities-japan,General article or blog post
About us,https://www.timeshighereducation.com/student/about-us,navigation,https://www.timeshighereducation.com/student/best-universities/best-universities-japan,Website navigation element
Contact us,https://www.timeshighereducation.com/student/contact-us,navigation,https://www.timeshighereducation.com/student/best-universities/best-universities-japan,Website navigation element
Home,https://www.timeshighereducation.com/,navigation,https://www.timeshighereducation.com/rankings/japan-university/2025#!/length/-1/sort_by/rank/sort_order/asc/cols/scores,Website navigation element
Home,https://www.timeshighereducation.com/academic/news,navigation,https://www.timeshighereducation.com/rankings/japan-university/2025#!/length/-1/sort_by/rank/sort_order/asc/cols/scores,Website navigation element
Home,https://www.timeshighereducation.com/campus,navigation,https://www.timeshighereducation.com/rankings/japan-university/2025#!/length/-1/sort_by/rank/sort_order/asc/cols/scores,Website navigation element
Key topics in HE,https://www.timeshighereducation.com/campus/key-topics,blog_post,https://www.timeshighereducation.com/rankings/japan-university/2025#!/length/-1/sort_by/rank/sort_order/asc/cols/scores,General article or blog post
Spotlight guides,https://www.timeshighereducation.com/campus/spotlight,blog_post,https://www.timeshighereducation.com/rankings/japan-university/2025#!/length/-1/sort_by/rank/sort_order/asc/cols/scores,General article or blog post
About,https://www.timeshighereducation.com/campus/about-campus,navigation,https://www.timeshighereducation.com/rankings/japan-university/2025#!/length/-1/sort_by/rank/sort_order/asc/cols/scores,Website navigation element
Home,https://www.timeshighereducation.com/unijobs,navigation,https://www.timeshighereducation.com/rankings/japan-university/2025#!/length/-1/sort_by/rank/sort_order/asc/cols/scores,Website navigation element
Home,https://www.timeshighereducation.com/events,navigation,https://www.timeshighereducation.com/rankings/japan-university/2025#!/length/-1/sort_by/rank/sort_order/asc/cols/scores,Website navigation element
Home,https://www.timeshighereducation.com/world-university-rankings,navigation,https://www.timeshighereducation.com/rankings/japan-university/2025#!/length/-1/sort_by/rank/sort_order/asc/cols/scores,Website navigation element
About THE rankings,https://www.timeshighereducation.com/world-university-rankings/about-the-times-higher-education-world-university-rankings,navigation,https://www.timeshighereducation.com/rankings/japan-university/2025#!/length/-1/sort_by/rank/sort_order/asc/cols/scores,Website navigation element
Home,https://www.timeshighereducation.com/student,navigation,https://www.timeshighereducation.com/rankings/japan-university/2025#!/length/-1/sort_by/rank/sort_order/asc/cols/scores,Website navigation element
Best universities,https://www.timeshighereducation.com/student/best-universities,blog_post,https://www.timeshighereducation.com/rankings/japan-university/2025#!/length/-1/sort_by/rank/sort_order/asc/cols/scores,General article or blog post
Home,https://www.timeshighereducation.com/our-solutions,navigation,https://www.timeshighereducation.com/rankings/japan-university/2025#!/length/-1/sort_by/rank/sort_order/asc/cols/scores,Website navigation element
How to get your uni ranked,https://www.timeshighereducation.com/submitting-data-times-higher-education-2020-world-university-rankings,blog_post,https://www.timeshighereducation.com/rankings/japan-university/2025#!/length/-1/sort_by/rank/sort_order/asc/cols/scores,General article or blog post
Contact us,https://www.timeshighereducation.com/contact-us,navigation,https://www.timeshighereducation.com/rankings/japan-university/2025#!/length/-1/sort_by/rank/sort_order/asc/cols/scores,Website navigation element
About us,https://www.timeshighereducation.com/about-us,navigation,https://www.timeshighereducation.com/rankings/japan-university/2025#!/length/-1/sort_by/rank/sort_order/asc/cols/scores,Website navigation element
Top 200 Universities in the World,https://www.unirank.org/world/top-200/,blog_post,https://www.unirank.org/jp/public/,General article or blog post
Top 200 Universities in North America,https://www.unirank.org/north-america/top-200/,blog_post,https://www.unirank.org/jp/public/,General article or blog post
Top 200 Universities in Latin America,https://www.unirank.org/latin-america/top-200/,blog_post,https://www.unirank.org/jp/public/,General article or blog post
Top 200 Universities in Europe,https://www.unirank.org/europe/top-200/,blog_post,https://www.unirank.org/jp/public/,General article or blog post
Top 200 Universities in Africa,https://www.unirank.org/africa/top-200/,blog_post,https://www.unirank.org/jp/public/,General article or blog post
Top 200 Universities in Asia,https://www.unirank.org/asia/top-200/,blog_post,https://www.unirank.org/jp/public/,General article or blog post
Top 50 Universities in Oceania,https://www.unirank.org/oceania/top-50/,blog_post,https://www.unirank.org/jp/public/,General article or blog post
Top 200 English-speaking Universities,https://www.unirank.org/english-speaking-countries/top-200/,blog_post,https://www.unirank.org/jp/public/,General article or blog post
Top 200 Spanish-speaking Universities,https://www.unirank.org/spanish-speaking-countries/top-200/,blog_post,https://www.unirank.org/jp/public/,General article or blog post
Top 200 Arabic-speaking Universities,https://www.unirank.org/arabic-speaking-countries/top-200/,blog_post,https://www.unirank.org/jp/public/,General article or blog post
Top 200 Universities on Facebook,https://www.unirank.org/facebook/top-200/,blog_post,https://www.unirank.org/jp/public/,General article or blog post
Top 200 Universities on X,https://www.unirank.org/x/top-200/,blog_post,https://www.unirank.org/jp/public/,General article or blog post
Top 200 Universities on Instagram,https://www.unirank.org/instagram/top-200/,blog_post,https://www.unirank.org/jp/public/,General article or blog post
Top 200 Universities on YouTube,https://www.unirank.org/youtube/top-200/,blog_post,https://www.unirank.org/jp/public/,General article or blog post
Top religiously affiliated Universities,https://www.unirank.org/religious/top/,blog_post,https://www.unirank.org/jp/public/,General article or blog post
Guide to University Programs and Courses,https://www.unirank.org/guides/university-programs-courses/,blog_post,https://www.unirank.org/jp/public/,General article or blog post
Free online courses by OEG Universities,https://www.unirank.org/oeglobal/,directory,https://www.unirank.org/jp/public/,Directory or listing page
Top Public Universities,https://www.unirank.org/jp/public/#uni,blog_post,https://www.unirank.org/jp/public/,General article or blog post
Top Public Universities in Japan,https://www.unirank.org/jp/public/,blog_post,https://www.unirank.org/jp/public/,General article or blog post
Top Private Universities in Japan,https://www.unirank.org/jp/private/,blog_post,https://www.unirank.org/jp/public/,General article or blog post
Top Non-Profit Universities in Japan,https://www.unirank.org/jp/non-profit/,blog_post,https://www.unirank.org/jp/public/,General article or blog post
Top For-Profit Universities in Japan,https://www.unirank.org/jp/for-profit/,blog_post,https://www.unirank.org/jp/public/,General article or blog post
Top Japanese Universities on Facebook,https://www.unirank.org/facebook/jp/,blog_post,https://www.unirank.org/jp/public/,General article or blog post
Top Japanese Universities on Twitter,https://www.unirank.org/x/jp/,blog_post,https://www.unirank.org/jp/public/,General article or blog post
Top Japanese Universities on Instagram,https://www.unirank.org/instagram/jp/,blog_post,https://www.unirank.org/jp/public/,General article or blog post
Top Japanese Universities on YouTube,https://www.unirank.org/youtube/jp/,blog_post,https://www.unirank.org/jp/public/,General article or blog post
Top 200 Universities in the World,https://www.unirank.org/world/top-200/,blog_post,https://www.unirank.org/jp/public/,General article or blog post
Top 200 Universities in North America,https://www.unirank.org/north-america/top-200/,blog_post,https://www.unirank.org/jp/public/,General article or blog post
Top 200 Universities in Latin America,https://www.unirank.org/latin-america/top-200/,blog_post,https://www.unirank.org/jp/public/,General article or blog post
Top 200 Universities in Europe,https://www.unirank.org/europe/top-200/,blog_post,https://www.unirank.org/jp/public/,General article or blog post
Top 200 Universities in Africa,https://www.unirank.org/africa/top-200/,blog_post,https://www.unirank.org/jp/public/,General article or blog post
Top 200 Universities in Asia,https://www.unirank.org/asia/top-200/,blog_post,https://www.unirank.org/jp/public/,General article or blog post
Top 50 Universities in Oceania,https://www.unirank.org/oceania/top-50/,blog_post,https://www.unirank.org/jp/public/,General article or blog post
Guide to University Programs and Courses,https://www.unirank.org/guides/university-programs-courses/,blog_post,https://www.unirank.org/jp/public/,General article or blog post
About,https://www.unirank.org/about/,navigation,https://www.unirank.org/jp/public/,Website navigation element
Contact,https://www.unirank.org/cntc/,navigation,https://www.unirank.org/jp/public/,Website navigation element
Home,https://shop.japantruly.com/,navigation,https://shop.japantruly.com/blogs/learn/best-japanese-universities-international-students,Website navigation element
best universities in japan,https://shop.japantruly.com/blogs/learn/tagged/best-universities-in-japan,blog_post,https://shop.japantruly.com/blogs/learn/best-japanese-universities-international-students,General article or blog post
courses in japan for foreigners,https://shop.japantruly.com/blogs/learn/tagged/courses-in-japan-for-foreigners,directory,https://shop.japantruly.com/blogs/learn/best-japanese-universities-international-students,Directory or listing page
Which is the best Japanese university for international students?,https://japantruly.com/best-japanese-universities-international-students/#Which_is_the_best_Japanese_university_for_international_students,blog_post,https://shop.japantruly.com/blogs/learn/best-japanese-universities-international-students,General article or blog post
Best Japanese Universities for International Students,https://japantruly.com/best-japanese-universities-international-students/#Best_Japanese_Universities_for_International_Students,blog_post,https://shop.japantruly.com/blogs/learn/best-japanese-universities-international-students,General article or blog post
Best Japanese Universities for International Students: FAQs,https://japantruly.com/best-japanese-universities-international-students/#Best_Japanese_Universities_for_International_Students_FAQs,blog_post,https://shop.japantruly.com/blogs/learn/best-japanese-universities-international-students,General article or blog post
Best App For Learning Japanese,https://japantruly.com/best-app-for-learning-japanese/,blog_post,https://shop.japantruly.com/blogs/learn/best-japanese-universities-international-students,General article or blog post
Top Japanese Brands,https://japantruly.com/japanese-brands/,blog_post,https://shop.japantruly.com/blogs/learn/best-japanese-universities-international-students,General article or blog post
Top 100 US colleges,https://www.universityreview.org/top-100-colleges/,blog_post,https://www.universityreview.org/top-universities-asia/top-universities-japan/,General article or blog post
Top 50 Universities,https://www.universityreview.org/top-50-universities/,blog_post,https://www.universityreview.org/top-universities-asia/top-universities-japan/,General article or blog post
Top 100 Universities,https://www.universityreview.org/top-100-universities/,blog_post,https://www.universityreview.org/top-universities-asia/top-universities-japan/,General article or blog post
Top 150,https://www.universityreview.org/top-150-universities/,blog_post,https://www.universityreview.org/top-universities-asia/top-universities-japan/,General article or blog post
Top 200 Universities,https://www.universityreview.org/top-200-universities-colleges/,blog_post,https://www.universityreview.org/top-universities-asia/top-universities-japan/,General article or blog post
Top 250,https://www.universityreview.org/top-250-universities/,blog_post,https://www.universityreview.org/top-universities-asia/top-universities-japan/,General article or blog post
Top 300,https://www.universityreview.org/top-300-universities/,blog_post,https://www.universityreview.org/top-universities-asia/top-universities-japan/,General article or blog post
Top 350,https://www.universityreview.org/top-350-universities/,blog_post,https://www.universityreview.org/top-universities-asia/top-universities-japan/,General article or blog post
Top 400,https://www.universityreview.org/top-400-universities/,blog_post,https://www.universityreview.org/top-universities-asia/top-universities-japan/,General article or blog post
Top 450,https://www.universityreview.org/top-450-universities/,blog_post,https://www.universityreview.org/top-universities-asia/top-universities-japan/,General article or blog post
Top 500 Universities,https://www.universityreview.org/top-500-universities/,blog_post,https://www.universityreview.org/top-universities-asia/top-universities-japan/,General article or blog post
Top 600,https://www.universityreview.org/top-600-universities/,blog_post,https://www.universityreview.org/top-universities-asia/top-universities-japan/,General article or blog post
List of Colleges by State,https://www.universityreview.org/colleges-state/,directory,https://www.universityreview.org/top-universities-asia/top-universities-japan/,Directory or listing page
List of Ivy League Schools,https://www.universityreview.org/list-ivy-league-schools/,directory,https://www.universityreview.org/top-universities-asia/top-universities-japan/,Directory or listing page
List of Public Ivy Schools Rankings,https://www.universityreview.org/list-of-public-ivy-schools/,directory,https://www.universityreview.org/top-universities-asia/top-universities-japan/,Directory or listing page
Best UK Universities,https://www.universityreview.org/top-universities-uk/,blog_post,https://www.universityreview.org/top-universities-asia/top-universities-japan/,General article or blog post
Top Universities in Australia,https://www.universityreview.org/top-universities-australia/,blog_post,https://www.universityreview.org/top-universities-asia/top-universities-japan/,General article or blog post
Top Universities in Asia,https://www.universityreview.org/top-universities-asia/,blog_post,https://www.universityreview.org/top-universities-asia/top-universities-japan/,General article or blog post
Top Universities in Japan,https://www.universityreview.org/top-universities-asia/top-universities-japan/,blog_post,https://www.universityreview.org/top-universities-asia/top-universities-japan/,General article or blog post
Top Universities in Canada,https://www.universityreview.org/top-universities-canada/,blog_post,https://www.universityreview.org/top-universities-asia/top-universities-japan/,General article or blog post
Top Universities in Europe,https://www.universityreview.org/top-universities-europe/,blog_post,https://www.universityreview.org/top-universities-asia/top-universities-japan/,General article or blog post
Top Universities in France,https://www.universityreview.org/top-universities-europe/top-universities-france/,blog_post,https://www.universityreview.org/top-universities-asia/top-universities-japan/,General article or blog post
Top Universities in Germany,https://www.universityreview.org/top-universities-europe/top-universities-germany/,blog_post,https://www.universityreview.org/top-universities-asia/top-universities-japan/,General article or blog post
Essential tips,https://www.japanlivingguide.com/expatinfo/essentialtips/,blog_post,https://www.japanlivingguide.com/schoolsjapan/universities-in-japan/universities/,General article or blog post
Money guide,https://www.japanlivingguide.com/expatinfo/money/tag/money-guide/,blog_post,https://www.japanlivingguide.com/schoolsjapan/universities-in-japan/universities/,General article or blog post
Everyday tips,https://www.japanlivingguide.com/lifestyle/everydaytips/,blog_post,https://www.japanlivingguide.com/schoolsjapan/universities-in-japan/universities/,General article or blog post
Housing tips,https://www.japanlivingguide.com/housing/housing-tips/,blog_post,https://www.japanlivingguide.com/schoolsjapan/universities-in-japan/universities/,General article or blog post
Cleaning tips,https://www.japanlivingguide.com/housing/housing-tips/tag/cleaning-tips/,blog_post,https://www.japanlivingguide.com/schoolsjapan/universities-in-japan/universities/,General article or blog post
Home appliances,https://www.japanlivingguide.com/housing/housing-tips/tag/home-appliances/,navigation,https://www.japanlivingguide.com/schoolsjapan/universities-in-japan/universities/,Website navigation element
Rental guide,https://www.japanlivingguide.com/housing/rental-guide/,blog_post,https://www.japanlivingguide.com/schoolsjapan/universities-in-japan/universities/,General article or blog post
Home,https://www.japanlivingguide.com/,navigation,https://www.japanlivingguide.com/schoolsjapan/universities-in-japan/universities/,Website navigation element
https://en.apu.ac.jp/home/,https://en.apu.ac.jp/home/,navigation,https://www.japanlivingguide.com/schoolsjapan/universities-in-japan/universities/,Website navigation element
About us,https://www.japanlivingguide.com/about/,navigation,https://www.japanlivingguide.com/schoolsjapan/universities-in-japan/universities/,Website navigation element
Contact,https://www.japanlivingguide.com/advertisement/,navigation,https://www.japanlivingguide.com/schoolsjapan/universities-in-japan/universities/,Website navigation element
HOME,https://eduinsightspk.com/,navigation,https://eduinsightspk.com/best-universities-in-japan/,Website navigation element
About Us,https://eduinsightspk.com/about-us/,navigation,https://eduinsightspk.com/best-universities-in-japan/,Website navigation element
Contact Us,https://eduinsightspk.com/contact-us/,navigation,https://eduinsightspk.com/best-universities-in-japan/,Website navigation element
HOME,https://eduinsightspk.com/,navigation,https://eduinsightspk.com/best-universities-in-japan/,Website navigation element
About Us,https://eduinsightspk.com/about-us/,navigation,https://eduinsightspk.com/best-universities-in-japan/,Website navigation element
Contact Us,https://eduinsightspk.com/contact-us/,navigation,https://eduinsightspk.com/best-universities-in-japan/,Website navigation element
Top 15 Best Public Universities in Canada 2025,https://eduinsightspk.com/public-universities-in-canada/,blog_post,https://eduinsightspk.com/best-universities-in-japan/,General article or blog post
"InstitutesTop 15 Best International Schools in Pakistan: A Complete Guide for 2025October 10, 2024",https://eduinsightspk.com/best-international-schools-in-pakistan/,blog_post,https://eduinsightspk.com/best-universities-in-japan/,General article or blog post
"InstitutesTop 10 IELTS Institutes in Lahore for Best IELTS PreparationMarch 28, 2025",https://eduinsightspk.com/top-10-ielts-institutes-in-lahore/,blog_post,https://eduinsightspk.com/best-universities-in-japan/,General article or blog post
"InstitutesTop Art Schools in Pakistan 2025: A Comprehensive GuideAugust 12, 2024",https://eduinsightspk.com/top-art-schools-in-pakistan/,blog_post,https://eduinsightspk.com/best-universities-in-japan/,General article or blog post
"InstitutesTop 10 Best Universities in Austria 2025: A Guide for StudentsMarch 6, 2025",https://eduinsightspk.com/best-universities-in-austria/,blog_post,https://eduinsightspk.com/best-universities-in-japan/,General article or blog post
"EducationWhat is Hospitality Management?: Detailed Guide 2025March 29, 2024",https://eduinsightspk.com/what-is-hospitality-management/,blog_post,https://eduinsightspk.com/best-universities-in-japan/,General article or blog post
"Institutes10 Best Medical Colleges in Islamabad: A Complete GuideOctober 31, 2024",https://eduinsightspk.com/best-medical-colleges-in-islamabad/,blog_post,https://eduinsightspk.com/best-universities-in-japan/,General article or blog post
About Us,https://eduinsightspk.com/about-us/,navigation,https://eduinsightspk.com/best-universities-in-japan/,Website navigation element
Contact Us,https://eduinsightspk.com/contact-us/,navigation,https://eduinsightspk.com/best-universities-in-japan/,Website navigation element
About Wikipedia,https://en.wikipedia.org/wiki/Wikipedia:About,navigation,https://en.wikipedia.org/wiki/List_of_universities_in_Japan,Website navigation element
Contact us,https://en.wikipedia.org/wiki/Wikipedia:Contact_us,navigation,https://en.wikipedia.org/wiki/List_of_universities_in_Japan,Website navigation element
(Top),https://en.wikipedia.org/wiki/List_of_universities_in_Japan,blog_post,https://en.wikipedia.org/wiki/List_of_universities_in_Japan,General article or blog post
List of historical universities in Japan,https://en.wikipedia.org/wiki/List_of_historical_universities_in_Japan,directory,https://en.wikipedia.org/wiki/List_of_universities_in_Japan,Directory or listing page
List of current and historical women's universities and colleges in Japan,https://en.wikipedia.org/wiki/List_of_current_and_historical_women%27s_universities_and_colleges_in_Japan,directory,https://en.wikipedia.org/wiki/List_of_universities_in_Japan,Directory or listing page
List of junior colleges in Japan,https://en.wikipedia.org/wiki/List_of_junior_colleges_in_Japan,directory,https://en.wikipedia.org/wiki/List_of_universities_in_Japan,Directory or listing page
List of national universities in Japan,https://en.wikipedia.org/wiki/List_of_national_universities_in_Japan,directory,https://en.wikipedia.org/wiki/List_of_universities_in_Japan,Directory or listing page
List of public universities in Japan,https://en.wikipedia.org/wiki/List_of_public_universities_in_Japan,directory,https://en.wikipedia.org/wiki/List_of_universities_in_Japan,Directory or listing page
Lists of universities and colleges,https://en.wikipedia.org/wiki/Lists_of_universities_and_colleges,directory,https://en.wikipedia.org/wiki/List_of_universities_in_Japan,Directory or listing page
Lists of universities and colleges by country,https://en.wikipedia.org/wiki/Lists_of_universities_and_colleges_by_country,directory,https://en.wikipedia.org/wiki/List_of_universities_in_Japan,Directory or listing page
List of universities in Asia,https://en.wikipedia.org/wiki/List_of_universities_in_Asia,directory,https://en.wikipedia.org/wiki/List_of_universities_in_Japan,Directory or listing page
https://en.wikipedia.org/w/index.php?title=List_of_universities_in_Japan&oldid=1294224307,https://en.wikipedia.org/w/index.php?title=List_of_universities_in_Japan&oldid=1294224307,directory,https://en.wikipedia.org/wiki/List_of_universities_in_Japan,Directory or listing page
Japan education-related lists,https://en.wikipedia.org/wiki/Category:Japan_education-related_lists,directory,https://en.wikipedia.org/wiki/List_of_universities_in_Japan,Directory or listing page
Lists of universities and colleges in Asia,https://en.wikipedia.org/wiki/Category:Lists_of_universities_and_colleges_in_Asia,directory,https://en.wikipedia.org/wiki/List_of_universities_in_Japan,Directory or listing page
Lists of universities and colleges in Japan,https://en.wikipedia.org/wiki/Category:Lists_of_universities_and_colleges_in_Japan,directory,https://en.wikipedia.org/wiki/List_of_universities_in_Japan,Directory or listing page
Lists of universities and colleges by country,https://en.wikipedia.org/wiki/Category:Lists_of_universities_and_colleges_by_country,directory,https://en.wikipedia.org/wiki/List_of_universities_in_Japan,Directory or listing page
About Wikipedia,https://en.wikipedia.org/wiki/Wikipedia:About,navigation,https://en.wikipedia.org/wiki/List_of_universities_in_Japan,Website navigation element
Contact Wikipedia,https://en.wikipedia.org/wiki/Wikipedia:Contact_us,navigation,https://en.wikipedia.org/wiki/List_of_universities_in_Japan,Website navigation element
Add topic,https://en.wikipedia.org/wiki/List_of_universities_in_Japan,blog_post,https://en.wikipedia.org/wiki/List_of_universities_in_Japan,General article or blog post
Home,https://www.sakalindiafoundation.com/,navigation,https://www.sakalindiafoundation.com/blog/best-universities-in-japan-for-international-students/,Website navigation element
About Us,https://www.sakalindiafoundation.com/blog/best-universities-in-japan-for-international-students/,navigation,https://www.sakalindiafoundation.com/blog/best-universities-in-japan-for-international-students/,Website navigation element
About SIF,https://www.sakalindiafoundation.com/about-sif/,navigation,https://www.sakalindiafoundation.com/blog/best-universities-in-japan-for-international-students/,Website navigation element
Contact Us,https://www.sakalindiafoundation.com/contact-us/,navigation,https://www.sakalindiafoundation.com/blog/best-universities-in-japan-for-international-students/,Website navigation element
Top 10 Best Universities in Japan for International Students (Indian Students),https://www.sakalindiafoundation.com/blog/best-universities-in-japan-for-international-students/#top-10-best-universities-in-japan-for-international-students-indian-students,blog_post,https://www.sakalindiafoundation.com/blog/best-universities-in-japan-for-international-students/,General article or blog post
How to Apply to Japanese Universities?,https://www.sakalindiafoundation.com/blog/best-universities-in-japan-for-international-students/#how-to-apply-to-japanese-universities,blog_post,https://www.sakalindiafoundation.com/blog/best-universities-in-japan-for-international-students/,General article or blog post
Step 1: Research Universities and Programs,https://www.sakalindiafoundation.com/blog/best-universities-in-japan-for-international-students/#step-1-research-universities-and-programs,directory,https://www.sakalindiafoundation.com/blog/best-universities-in-japan-for-international-students/,Directory or listing page
FAQs About Indian Government Scholarships for Studying Abroad,https://www.sakalindiafoundation.com/blog/best-universities-in-japan-for-international-students/#faqs-about-indian-government-scholarships-for-studying-abroad,navigation,https://www.sakalindiafoundation.com/blog/best-universities-in-japan-for-international-students/,Website navigation element
Top Study Abroad Scholarships for Women to Explore in 2025,https://www.sakalindiafoundation.com/blog/top-study-abroad-scholarships-for-women/,blog_post,https://www.sakalindiafoundation.com/blog/best-universities-in-japan-for-international-students/,General article or blog post
Top 10 Prestigious International Scholarship for Women in 2025,https://www.sakalindiafoundation.com/blog/top-international-scholarships-for-women/,blog_post,https://www.sakalindiafoundation.com/blog/best-universities-in-japan-for-international-students/,General article or blog post
Top Study Abroad Scholarships for Women to Explore in 2025,https://www.sakalindiafoundation.com/blog/top-study-abroad-scholarships-for-women/,blog_post,https://www.sakalindiafoundation.com/blog/best-universities-in-japan-for-international-students/,General article or blog post
Top 10 Prestigious International Scholarship for Women in 2025,https://www.sakalindiafoundation.com/blog/top-international-scholarships-for-women/,blog_post,https://www.sakalindiafoundation.com/blog/best-universities-in-japan-for-international-students/,General article or blog post
Top Fully Funded PhD Scholarships for Women in 2025,https://www.sakalindiafoundation.com/blog/top-fully-funded-phd-scholarships-for-women/,blog_post,https://www.sakalindiafoundation.com/blog/best-universities-in-japan-for-international-students/,General article or blog post
About SIF,https://www.sakalindiafoundation.com/about-sif/,navigation,https://www.sakalindiafoundation.com/blog/best-universities-in-japan-for-international-students/,Website navigation element
Contact Us,https://www.sakalindiafoundation.com/contact-us/,navigation,https://www.sakalindiafoundation.com/blog/best-universities-in-japan-for-international-students/,Website navigation element
Home,https://www.universityliving.com/blog/,navigation,https://www.universityliving.com/blog/admission-guide/top-universities-in-japan/,Website navigation element
Admission Guide,https://www.universityliving.com/blog/admission-guide/,blog_post,https://www.universityliving.com/blog/admission-guide/top-universities-in-japan/,General article or blog post
Tips & Tricks,https://www.universityliving.com/blog/tips-and-tricks/,blog_post,https://www.universityliving.com/blog/admission-guide/top-universities-in-japan/,General article or blog post
Home,https://www.universityliving.com/blog/,navigation,https://www.universityliving.com/blog/admission-guide/top-universities-in-japan/,Website navigation element
Admission Guide,https://www.universityliving.com/blog/admission-guide/,blog_post,https://www.universityliving.com/blog/admission-guide/top-universities-in-japan/,General article or blog post
Tips & Tricks,https://www.universityliving.com/blog/tips-and-tricks/,blog_post,https://www.universityliving.com/blog/admission-guide/top-universities-in-japan/,General article or blog post
Admission Guide,https://www.universityliving.com/blog/admission-guide/,blog_post,https://www.universityliving.com/blog/admission-guide/top-universities-in-japan/,General article or blog post
Top 10 Universities in Japan in 2024-25,https://www.universityliving.com/blog/admission-guide/top-universities-in-japan/#Top_10_Universities_in_Japan_in_2024-25,blog_post,https://www.universityliving.com/blog/admission-guide/top-universities-in-japan/,General article or blog post
Which is the best university in Japan for international students?,https://www.universityliving.com/blog/admission-guide/top-universities-in-japan/#Which_is_the_best_university_in_Japan_for_international_students,blog_post,https://www.universityliving.com/blog/admission-guide/top-universities-in-japan/,General article or blog post
"University of Adelaide: Acceptance Rate, Rankings, Fees, Courses and Accommodation",https://www.universityliving.com/blog/admission-guide/university-of-adelaide/,directory,https://www.universityliving.com/blog/admission-guide/top-universities-in-japan/,Directory or listing page
List of Top Universities & Colleges in Austria | 2025,https://www.universityliving.com/blog/admission-guide/top-universities-in-austria/,blog_post,https://www.universityliving.com/blog/admission-guide/top-universities-in-japan/,General article or blog post
List of Top Universities & Colleges in Austria | 2025,https://www.universityliving.com/blog/admission-guide/top-universities-in-austria/,blog_post,https://www.universityliving.com/blog/admission-guide/top-universities-in-japan/,General article or blog post
"University of Adelaide: Acceptance Rate, Rankings, Fees, Courses and Accommodation",https://www.universityliving.com/blog/admission-guide/university-of-adelaide/,directory,https://www.universityliving.com/blog/admission-guide/top-universities-in-japan/,Directory or listing page
Best Art Schools in the World for International Students in 2025,https://www.universityliving.com/blog/admission-guide/best-art-schools-in-the-world/,blog_post,https://www.universityliving.com/blog/admission-guide/top-universities-in-japan/,General article or blog post
How to Find Accommodation in USA for Indian Students in 2025?,https://www.universityliving.com/blog/accommodation/accommodation-in-usa-for-indian-students/,blog_post,https://www.universityliving.com/blog/admission-guide/top-universities-in-japan/,General article or blog post
How to Find Accommodation in UK for Indian Students in 2025?,https://www.universityliving.com/blog/accommodation/accommodation-in-uk-for-indian-students/,blog_post,https://www.universityliving.com/blog/admission-guide/top-universities-in-japan/,General article or blog post
"PhD in Australia for International Students: Top Universities, Fees & Eligibility [2025 Guide]",https://www.universityliving.com/blog/admission-guide/phd-in-australia/,blog_post,https://www.universityliving.com/blog/admission-guide/top-universities-in-japan/,General article or blog post
"Southern Institute of Technology NZ: Courses, Fees, Rankings, Scholarship & More",https://www.universityliving.com/blog/admission-guide/southern-institute-of-technology/,directory,https://www.universityliving.com/blog/admission-guide/top-universities-in-japan/,Directory or listing page
Best Art Schools in the World for International Students in ...,https://www.universityliving.com/blog/admission-guide/best-art-schools-in-the-world/,blog_post,https://www.universityliving.com/blog/admission-guide/top-universities-in-japan/,General article or blog post
PhD in Australia for International Students: Top Universitie...,https://www.universityliving.com/blog/admission-guide/phd-in-australia/,blog_post,https://www.universityliving.com/blog/admission-guide/top-universities-in-japan/,General article or blog post
"Southern Institute of Technology NZ: Courses, Fees, Rankings...",https://www.universityliving.com/blog/admission-guide/southern-institute-of-technology/,directory,https://www.universityliving.com/blog/admission-guide/top-universities-in-japan/,Directory or listing page
About,https://www.universityliving.com/about,navigation,https://www.universityliving.com/blog/admission-guide/top-universities-in-japan/,Website navigation element
List Your Property,https://www.universityliving.com/list-your-property,directory,https://www.universityliving.com/blog/admission-guide/top-universities-in-japan/,Directory or listing page
Contact Us,https://www.universityliving.com/contact,navigation,https://www.universityliving.com/blog/admission-guide/top-universities-in-japan/,Website navigation element
